Vintage,Management Zone Code,Harvest District Name,Yardblock,Row Spacing,Vendor Code,Varietal Code,Pruning Type For Agcode,Barrel Pruning Required,Trellis Code,Block HA,Total Vines,Row KM,Number Of Vineyard Rows,Pruned By,Wrapped By,Block Organic Status,Use Wound Protection,Can Klima Strip Block,Take Soil Sample,Nutrition Monitor Rows,Interrow Herbicide
20,HB,Hawkes Bay,MTPPGRA,2.4,MTP,PGR,,,3CN,6.7,15509.2592592593,27.9166666666667,0,,,,,,,,
20,HB,Hawkes Bay,MTPPGRB,2.4,MTP,PGR,,,4CN,11.81,27337.962962963,49.2083333333333,0,,,,,,,,
20,HB,Hawkes Bay,MTPPGRC,2.4,MTP,PGR,,,2CN,8.6,19907.4074074074,35.8333333333333,0,,,,,,,,
20,HB,Hawkes Bay,MTPPGRD,2.4,MTP,PGR,,,2CN,12.15,28125,50.625,0,,,,,,,,
20,HB,Hawkes Bay,MTPPGRE,2.4,MTP,PGR,,,3CN,25.68,59444.4444444444,107,0,,,,,,,,
20,HB,Hawkes Bay,MTPSBLA,2.4,MTP,SBL,,,4CN,5.07,11736.1111111111,21.125,0,,,,,,,,
20,HB,Hawkes Bay,MTPSBLB,2.4,MTP,SBL,,,4CN,4.92,11388.8888888889,20.5,0,,,,,,,,
20,HB,Hawkes Bay,MTPSBLC,2.4,MTP,SBL,,,4CN,15.27,35347.2222222222,63.625,0,,,,,,,,
20,HB,Hawkes Bay,MTPSBLD,2.4,MTP,SBL,,,4CN,18.82,43564.8148148148,78.4166666666667,0,,,,,,,,
20,HB,Hawkes Bay,MTPSBLE,2.4,MTP,SBL,,,4CN,16.39,37939.8148148148,68.2916666666667,0,,,,,,,,
20,HB,Hawkes Bay,MTPSBLF,2.4,MTP,SBL,,,4CN,23.63,54699.0740740741,98.4583333333333,0,,,,,,,,
20,HB,Hawkes Bay,MTPSBLG,2.4,MTP,SBL,,,4CN,17.26,39953.7037037037,71.9166666666667,0,,,,,,,,
20,HB,Hawkes Bay,MTPSBLH,2.4,MTP,SBL,,,4CN,4.83,11180.5555555556,20.125,0,,,,,,,,
20,HB,Hawkes Bay,MTPSGRA,2.4,MTP,SGR,,,3CN,1.25,2893.51851851852,5.20833333333333,0,,,,,,,,
20,HB,Hawkes Bay,NGTCABG,1.6,NGT,CAB,,,2CN,2.8,14583.3333333333,17.5,0,,,,,,,,
20,HB,Hawkes Bay,NGTCABH,1.6,NGT,CAB,,,2CN,3.79,19739.5833333333,23.6875,0,,,,,,,,
20,HB,Hawkes Bay,NGTCABI,1.6,NGT,CAB,,,2CN,0.44,2291.66666666667,2.75,0,,,,,,,,
20,HB,Hawkes Bay,NGTCABK,1.6,NGT,CAB,,,2CN,3.19,16614.5833333333,19.9375,0,,,,,,,,
20,HB,Hawkes Bay,NGTCABL,1.6,NGT,CAB,FULL JOB VSP,,2CN,1.29,6718.75,8.0625,0,,,,,,,,
20,HB,Hawkes Bay,NGTCABN,1.6,NGT,CAB,,,2CN,3.69,19218.75,23.0625,0,,,,,,,,
20,HB,Hawkes Bay,NGTCABO,1.6,NGT,CAB,,,2CN,1.76,9166.66666666667,11,0,,,,,,,,
20,HB,Hawkes Bay,NGTCHDA,1.6,NGT,CHD,,,1CN,1.39,7239.58333333334,8.6875,0,,,,,,,,
20,HB,Hawkes Bay,NGTCHDB,1.6,NGT,CHD,,,1CN,4.23,18883.9285714286,26.4375,0,,,,,,,,
20,HB,Hawkes Bay,NGTCHDC,1.6,NGT,CHD,,,1CN,1.18,5267.85714285714,7.375,0,,,,,,,,
20,HB,Hawkes Bay,NGTCHDD,1.6,NGT,CHD,,,1CN,2.25,10044.6428571429,14.0625,0,,,,,,,,
20,HB,Hawkes Bay,NGTCHDE,1.6,NGT,CHD,,,1CN,0.39,1741.07142857143,2.4375,0,,,,,,,,
20,HB,Hawkes Bay,NGTCHDF,1.6,NGT,CHD,,,1CN,0.5,3125,3.125,0,,,,,,,,
20,HB,Hawkes Bay,NGTCHDG,1.6,NGT,CHD,,,1CN,1.06,4732.14285714286,6.625,0,,,,,,,,
20,HB,Hawkes Bay,NGTCHDH,1.6,NGT,CHD,,,1CN,1.67,7455.35714285714,10.4375,0,,,,,,,,
20,HB,Hawkes Bay,NGTMALA,1.6,NGT,MAL,,,2CN,1.53,7968.75,9.5625,0,,,,,,,,
20,HB,Hawkes Bay,NGTMARA,1.6,NGT,MAR,,,2CN,0.7,3645.83333333333,4.375,0,,,,,,,,
20,HB,Hawkes Bay,NGTMERA,3,NGT,MER,,,VSP,15.89,29425.9259259259,52.9666666666667,0,,,,,,,,
20,HB,Hawkes Bay,NGTMERB,3,NGT,MER,,,2CE,8.59,23861.1111111111,28.6333333333333,0,,,,,,,,
20,HB,Hawkes Bay,NGTMERC,1.5,NGT,MER,,,2CN,1.05,3888.88888888889,7,0,,,,,,,,
20,HB,Hawkes Bay,NGTMERF,3,NGT,MER,,,2CN,5.28,11000,17.6,0,,,,,,,,
20,HB,Hawkes Bay,NGTMERG,3,NGT,MER,,,2CN,8.68,18083.3333333333,28.9333333333333,0,,,,,,,,
20,HB,Hawkes Bay,NGTMERH,3,NGT,MER,,,2CN,8.7,18125,29,0,,,,,,,,
20,HB,Hawkes Bay,NGTMERI,1.6,NGT,MER,,,2CN,4.09,21302.0833333333,25.5625,0,,,,,,,,
20,HB,Hawkes Bay,NGTMERJ,1.6,NGT,MER,,,2CN,3.14,16354.1666666667,19.625,0,,,,,,,,
20,HB,Hawkes Bay,NGTMERK,1.6,NGT,MER,,,2CN,0.76,3958.33333333333,4.75,0,,,,,,,,
20,HB,Hawkes Bay,NGTMERL,1.6,NGT,MER,,,2CN,3.9,20312.5,24.375,0,,,,,,,,
20,HB,Hawkes Bay,NGTMERO,1.6,NGT,MER,,,2CN,2.16,11250,13.5,0,,,,,,,,
20,HB,Hawkes Bay,NGTMERP,1.6,NGT,MER,,,2CN,0.86,4479.16666666667,5.375,0,,,,,,,,
20,HB,Hawkes Bay,NGTMERQ,1.6,NGT,MER,,,2CN,2.01,10468.75,12.5625,0,,,,,,,,
20,HB,Hawkes Bay,NGTMERR,1.6,NGT,MER,,,2CN,2.56,13333.3333333333,16,0,,,,,,,,
20,HB,Hawkes Bay,NGTMERS,1.6,NGT,MER,,,2CN,3.43,17864.5833333333,21.4375,0,,,,,,,,
20,HB,Hawkes Bay,NGTMERT,1.6,NGT,MER,,,2CN,1.8,9375,11.25,0,,,,,,,,
20,HB,Hawkes Bay,NGTMERU,1.6,NGT,MER,,,2CN,1.98,10312.5,12.375,0,,,,,,,,
20,HB,Hawkes Bay,NGTSBLA,1.6,NGT,SBL,,,2CN,2.2,9548.61111111111,13.75,0,,,,,,,,
20,HB,Hawkes Bay,NGTSYRA,1.6,NGT,SYR,,,2CN,2.04,10625,12.75,0,,,,,,,,
20,HB,Hawkes Bay,NGTSYRB,1.6,NGT,SYR,,,2CN,0.57,2968.75,3.5625,0,,,,,,,,
20,HB,Hawkes Bay,NGTSYRC,1.6,NGT,SYR,,,2CN,0.23,1197.91666666667,1.4375,0,,,,,,,,
20,HB,Hawkes Bay,NGTSYRD,1.6,NGT,SYR,,,2CN,0.72,3750,4.5,0,,,,,,,,
20,HB,Hawkes Bay,NGTSYRE,1.6,NGT,SYR,,,2CN,0.57,2968.75,3.5625,0,,,,,,,,
20,HB,Hawkes Bay,NGTSYRF,1.6,NGT,SYR,,,2CN,0.46,2395.83333333333,2.875,0,,,,,,,,
20,HB,Hawkes Bay,NGTSYRG,1.6,NGT,SYR,,,1CN,3.23,14419.6428571429,20.1875,0,,,,,,,,
20,HB,Hawkes Bay,NGTSYRH,1.6,NGT,SYR,,,1CN,2.53,11294.6428571429,15.8125,0,,,,,,,,
20,HB,Hawkes Bay,NGTSYRI,1.6,NGT,SYR,,,1CN,1.53,6830.35714285714,9.5625,0,,,,,,,,
20,HB,Hawkes Bay,NGTSYRJ,1.6,NGT,SYR,,,1CN,0.98,4375,6.125,0,,,,,,,,
20,HB,Hawkes Bay,NGTSYRK,1.6,NGT,SYR,,,,1.24,5535.71428571429,7.75,0,,,,,,,,
20,HB,Hawkes Bay,NGTTEPA,1.6,NGT,TEP,,,2CN,1.37,7135.41666666667,8.5625,0,,,,,,,,
20,HB,Hawkes Bay,NGTVIGA,1.6,NGT,VIG,,,2CN,0.83,4322.91666666667,5.1875,0,,,,,,,,
20,HB,Hawkes Bay,OMACHDA,2.4,OMA,CHD,,,3CN,11.92,27592.5925925926,49.6666666666667,0,,,,,,,,
20,HB,Hawkes Bay,OMACHDB,2.4,OMA,CHD,,,2CN,3.49,8078.7037037037,14.5416666666667,0,,,,,,,,
20,HB,Hawkes Bay,OMAPGRA,2.4,OMA,PGR,,,3CN,4.55,10532.4074074074,18.9583333333333,0,,,,,,,,
20,HB,Hawkes Bay,OMASBLA,2.4,OMA,SBL,,,3CN,3.84,8888.88888888889,16,0,,,,,,,,
20,HB,Hawkes Bay,OMASBLB,2.4,OMA,SBL,,,1CN,4.1,9490.74074074074,17.0833333333333,0,,,,,,,,
20,HB,Hawkes Bay,OMASBLC,2.4,OMA,SBL,,,1CN,5.96,13796.2962962963,24.8333333333333,0,,,,,,,,
20,HB,Hawkes Bay,TEMCHDA,2.4,TEM,CHD,,,2CN,1.89,4687.5,7.875,0,,,,,,,,
20,HB,Hawkes Bay,TEMCHDB,2.4,TEM,CHD,,,2CN,7.67,19022.8174603175,31.9583333333333,0,,,,,,,,
20,HB,Hawkes Bay,TEMCHDC,2.4,TEM,CHD,,,2CN,3.54,8779.76190476191,14.75,0,,,,,,,,
20,HB,Hawkes Bay,TEMCHDD,2.4,TEM,CHD,,,2CN,3.23,8010.9126984127,13.4583333333333,0,,,,,,,,
20,HB,Hawkes Bay,TEMSBLA,2.4,TEM,SBL,,,3CN,2.93,7266.86507936508,12.2083333333333,0,,,,,,,,
20,HB,Hawkes Bay,TEMSBLB,2.4,TEM,SBL,,,3CN,6.72,16666.6666666667,28,0,,,,,,,,
20,HB,Hawkes Bay,TEMSBLC,2.4,TEM,SBL,,,2CN,7.92,19642.8571428571,33,0,,,,,,,,
20,HB,Hawkes Bay,TEMSBLD,2.4,TEM,SBL,,,2CN,5.25,13020.8333333333,21.875,0,,,,,,,,
20,HB,Hawkes Bay,TEMSBLE,2.4,TEM,SBL,,,2CN,5.26,13045.6349206349,21.9166666666667,0,,,,,,,,
20,HB,Hawkes Bay,TUKCHDA,2.8,TUK,CHD,,,3CN,6.02,11944.4444444444,21.5,0,,,,,,,,
20,HB,Hawkes Bay,TUKCHDB,2.8,TUK,CHD,,,3CN,3.85,7638.88888888889,13.75,0,,,,,,,,
20,HB,Hawkes Bay,TUKCHDC,2.8,TUK,CHD,,,3CN,1.55,3075.39682539683,5.53571428571429,0,,,,,,,,
20,HB,Hawkes Bay,TUKCHDD,2.8,TUK,CHD,,,3CN,1.03,2043.65079365079,3.67857142857143,0,,,,,,,,
20,HB,Hawkes Bay,TUKCHDE,2.4,TUK,CHD,,,2CN,6.01,13912.037037037,25.0416666666667,0,,,,,,,,
20,HB,Hawkes Bay,TUKCHDF,2.8,TUK,CHD,,,3CN,8.08,16031.746031746,28.8571428571429,0,,,,,,,,
20,HB,Hawkes Bay,TUKCHDG,2.4,TUK,CHD,,,2CN,3.8,8796.2962962963,15.8333333333333,0,,,,,,,,
20,HB,Hawkes Bay,TUKCHDH,2.4,TUK,CHD,,,2CN,6.41,17805.5555555556,26.7083333333333,0,,,,,,,,
20,HB,Hawkes Bay,TUKCHDI,2.4,TUK,CHD,,,2CN,2.46,6833.33333333333,10.25,0,,,,,,,,
20,ML,Marlborough,M10PGRA,2.4,M10,PGR,SPUR,YES,SPR,6.6,15277.7777777778,27.5,56,GWX,GWX,,YES,,YES,1325;1339;1353;1367,YES
20,ML,Marlborough,M10PGRB,2.4,M10,PGR,KLIMA,YES,4CN,16.22,37546.2962962963,67.5833333333333,175,GWX,GWX,,NO,,,,YES
20,ML,Marlborough,M10PNNA,2.4,M10,PNN,FULL JOB VSP,YES,2CN,5.65,16348.3796296296,23.5416666666667,75,GWX,GWX,,YES,,,,YES
20,ML,Marlborough,M10PNNB,2.4,M10,PNN,FULL JOB VSP,YES,2CN,5.64,16319.4444444444,23.5,51,GWX,GWX,,NO,,YES,1276;1288;1301;1313,YES
20,ML,Marlborough,M10PNND,2.4,M10,PNN,FULL JOB VSP,YES,2CN,9.47,32881.9444444444,39.4583333333333,204,PRW,PRW,,NO,,YES,2020;2071;2122;2173,YES
20,ML,Marlborough,M10RRIE,2.4,M10,RRI,SPUR,YES,SPR,3.14,7268.51851851852,13.0833333333333,28,GWX,GWX,,YES,,,,YES
20,ML,Marlborough,M10SBLA,2.4,M10,SBL,KLIMA,NO,4CN,0.89,2060.18518518519,3.70833333333333,13,PRW,PRW,,NO,,,,YES
20,ML,Marlborough,M10SBLB,2.4,M10,SBL,KLIMA,NO,4CN,1.73,4004.62962962963,7.20833333333333,20,PRW,PRW,,NO,,,,YES
20,ML,Marlborough,M10SBLC,2.4,M10,SBL,KLIMA,NO,4CN,8.58,19861.1111111111,35.75,93,PRW,PRW,,NO,,,,YES
20,ML,Marlborough,M10SBLD,2.4,M10,SBL,KLIMA,NO,4CN,11.54,26712.962962963,48.0833333333333,119,PRW,PRW,,NO,,YES,152;177;202;227,YES
20,ML,Marlborough,M10SBLE,2.4,M10,SBL,KLIMA,NO,4CN,11.35,26273.1481481481,47.2916666666667,118,PRW,PRW,,NO,,YES,271;296;321;346,YES
20,ML,Marlborough,M10SBLF,2.4,M10,SBL,KLIMA,NO,4CN,8.89,20578.7037037037,37.0416666666667,134,GWX,GWX,,NO,,YES,367;434,YES
20,ML,Marlborough,M10SBLG,2.4,M10,SBL,KLIMA,NO,4CN,9.6,22222.2222222222,40,116,GWX,GWX,,NO,,,501;559,YES
20,ML,Marlborough,M10SBLH,2.4,M10,SBL,KLIMA,NO,4CN,9.16,21203.7037037037,38.1666666666667,119,GWX,GWX,,NO,,YES,617;677,YES
20,ML,Marlborough,M10SBLK,2.4,M10,SBL,KLIMA,NO,4CN,9.5,21990.7407407407,39.5833333333333,98,PRW,PRW,,NO,,,,YES
20,ML,Marlborough,M10SBLL,2.4,M10,SBL,KLIMA,NO,3CN,11.28,26111.1111111111,47,128,GWX,GWX,,NO,,YES,,YES
20,ML,Marlborough,M10SBLM,2.4,M10,SBL,KLIMA,NO,4CN,3.03,8767.36111111111,12.625,38,GWX,GWX,,NO,,,,YES
20,ML,Marlborough,M10SBLN,2.4,M10,SBL,FULL JOB VSP,YES,3CN,1.29,3732.63888888889,5.375,32,PRW,PRW,,NO,,YES,,YES
20,ML,Marlborough,M10SBLO,2.4,M10,SBL,FULL JOB VSP,YES,2CN,8.55,19791.6666666667,35.625,82,PRW,PRW,,NO,,,,YES
20,ML,Marlborough,M10SBLU,2.4,M10,SBL,KLIMA,NO,3CN,9.93,22986.1111111111,41.375,115,GWX,GWX,,NO,,,,YES
20,ML,Marlborough,M10SBLV,2.4,M10,SBL,KLIMA,NO,3CN,9.61,22245.3703703704,40.0416666666667,83,GWX,GWX,,NO,,,,YES
20,ML,Marlborough,M10SBLW,2.4,M10,SBL,FULL JOB VSP,YES,2CN,11.27,26087.962962963,46.9583333333333,145,PRW,PRW,,NO,,,1556;1592;1692;1665,YES
20,ML,Marlborough,M10SBLX,2.4,M10,SBL,KLIMA,NO,3CN,3.56,10300.9259259259,14.8333333333333,59,PRW,PRW,,NO,,,,YES
20,ML,Marlborough,M10SBLY,2.4,M10,SBL,KLIMA,NO,3CN,7.49,17337.962962963,31.2083333333333,136,GWX,GWX,,NO,,,,YES
20,ML,Marlborough,M10SBLZ,2.4,M10,SBL,FULL JOB VSP,YES,3CN,5.61,12986.1111111111,23.375,212,HORTUS,HORTUS,,NO,,YES,,YES
20,ML,Marlborough,M10SGRA,2.4,M10,SGR,FULL JOB VSP,YES,3CN,9.27,21458.3333333333,38.625,167,PRW,PRW,,YES,,,,YES
20,ML,Marlborough,M11PNNA,2.4,M11,PNN,FULL JOB VSP,YES,2CN,3.28,9490.74074074074,13.6666666666667,168,GWX,GWX,,YES,,YES,390;432;474;516,YES
20,ML,Marlborough,M11PNNB,2.4,M11,PNN,FULL JOB VSP,YES,2CN,8.09,23408.5648148148,33.7083333333333,129,PRW,PRW,,NO,,YES,560;592;625;657,YES
20,ML,Marlborough,M11PNNC,2.4,M11,PNN,SPUR,YES,SPR,9.77,28269.6759259259,40.7083333333333,137,GWX,GWX,,YES,,YES,820;857,YES
20,ML,Marlborough,M11PNND,2.4,M11,PNN,FULL JOB VSP,YES,2CN,3.84,11111.1111111111,16,74,GWX,GWX,,NO,,,700;769,YES
20,ML,Marlborough,M11SBLA,2.4,M11,SBL,KLIMA,NO,3CN,4.46,10324.0740740741,18.5833333333333,89,GWX,GWX,,NO,,,4;26;49;71,YES
20,ML,Marlborough,M11SBLB,2.4,M11,SBL,KLIMA,NO,3CN,5.02,11620.3703703704,20.9166666666667,80,GWX,GWX,,NO,,,,YES
20,ML,Marlborough,M11SBLC,2.4,M11,SBL,KLIMA,NO,3CN,2.13,6163.19444444444,8.875,52,GWX,GWX,,NO,,YES,173;186;199;212,YES
20,ML,Marlborough,M11SBLD,2.4,M11,SBL,KLIMA,NO,4CN,5.78,16724.537037037,24.0833333333333,162,GWX,GWX,,NO,,,225;266;306;347,YES
20,ML,Marlborough,M11SBLE,2.4,M11,SBL,KLIMA,NO,4CN,8.96,20740.7407407407,37.3333333333333,189,GWX,GWX,,NO,,YES,,YES
20,ML,Marlborough,M12CHDA,2.4,M12,CHD,KLIMA,YES,3CN,4.54,13136.5740740741,18.9166666666667,42,PRW,PRW,,NO,,,,NO
20,ML,Marlborough,M12CHDB,2.4,M12,CHD,KLIMA,YES,4CN,2.93,6782.40740740741,12.2083333333333,97,PRW,PRW,,NO,,YES,,NO
20,ML,Marlborough,M12CHDC,2.4,M12,CHD,KLIMA,YES,4CN,8.12,18796.2962962963,33.8333333333333,128,PRW,PRW,,NO,,,,NO
20,ML,Marlborough,M12SBLA,2.4,M12,SBL,FULL JOB VSP,YES,4CN,2.44,5648.14814814815,10.1666666666667,63,PRW,PRW,,NO,,,,NO
20,ML,Marlborough,M12SGRA,2.4,M12,SGR,KLIMA,NO,3CN,6.93,16041.6666666667,28.875,87,PRW,PRW,,YES,,YES,137,NO
20,ML,Marlborough,M13CHDA,2.75,M13,CHD,FULL JOB VSP,YES,2CN,1.19,2364.62990561351,4.32727272727273,13,PRW,PRW,,NO,,,,NO
20,ML,Marlborough,M13CHDB,2.75,M13,CHD,FULL JOB VSP,YES,2CN,2.92,5802.28514654744,10.6181818181818,23,PRW,PRW,,NO,,,,NO
20,ML,Marlborough,M13CHDC,2.75,M13,CHD,FULL JOB VSP,YES,2CN,1.78,3537.00943864878,6.47272727272727,14,PRW,PRW,,NO,,,,NO
20,ML,Marlborough,M13CHDE,2.75,M13,CHD,FULL JOB VSP,YES,2CN,2.29,4550.42225534029,8.32727272727273,18,PRW,PRW,,NO,,,,NO
20,ML,Marlborough,M13CHDF,2.75,M13,CHD,FULL JOB VSP,YES,2CN,1.4,2781.9175360159,5.09090909090909,18,PRW,PRW,,NO,,YES,187,NO
20,ML,Marlborough,M13CHDG,2.75,M13,CHD,FULL JOB VSP,YES,2CN,1.4,2781.9175360159,5.09090909090909,11,PRW,PRW,,NO,,YES,177,NO
20,ML,Marlborough,M13CHDH,2.75,M13,CHD,FULL JOB VSP,YES,2CN,1.4,2781.9175360159,5.09090909090909,11,PRW,PRW,,NO,,,,NO
20,ML,Marlborough,M13CHDL,2.75,M13,CHD,SPUR,YES,SPR,3.29,6537.50620963736,11.9636363636364,55,PRW,PRW,,NO,,,,NO
20,ML,Marlborough,M13CHDM,2.75,M13,CHD,KLIMA,YES,3CN,1.95,3874.81371087928,7.09090909090909,34,PRW,PRW,,NO,,,,NO
20,ML,Marlborough,M13CHDN,2.75,M13,CHD,KLIMA,YES,3CN,1.72,3417.78440139096,6.25454545454545,30,PRW,PRW,,NO,,,,NO
20,ML,Marlborough,M13CHDO,2.75,M13,CHD,KLIMA,YES,4CN,7.03,13969.2001987084,25.5636363636364,57,PRW,PRW,,NO,,YES,1985;2004;2020,NO
20,ML,Marlborough,M13CHDP,2.75,M13,CHD,KLIMA,YES,3CN,3,5454.54545454546,10.9090909090909,23,PRW,PRW,,NO,,YES,1675;1684,NO
20,ML,Marlborough,M13GTRA,2.75,M13,GTR,KLIMA,YES,4CN,1.55,3079.98012916046,5.63636363636364,25,PRW,PRW,,NO,,YES,,NO
20,ML,Marlborough,M13GTRB,2.75,M13,GTR,KLIMA,YES,4CN,1.5,2980.6259314456,5.45454545454545,26,PRW,PRW,,NO,,YES,,NO
20,ML,Marlborough,M13PGRA,2.75,M13,PGR,FULL JOB VSP,YES,2CN,2.27,4585.85858585859,8.25454545454545,46,PRW,PRW,,NO,,,290,NO
20,ML,Marlborough,M13PGRB,2.75,M13,PGR,FULL JOB VSP,YES,2CN,1.76,3497.26775956284,6.4,36,PRW,PRW,,NO,,,977,NO
20,ML,Marlborough,M13PMNB,2.75,M13,PMN,FULL JOB VSP,YES,4CN,1.96,3894.68455042226,7.12727272727273,16,PRW,PRW,,NO,,,,NO
20,ML,Marlborough,M13PNNA,2.75,M13,PNN,FULL JOB VSP,YES,2CN,1.69,3358.17188276205,6.14545454545455,20,PRW,PRW,,NO,,YES,,NO
20,ML,Marlborough,M13PNNC,2.75,M13,PNN,FULL JOB VSP,YES,2CN,2.48,4927.96820665673,9.01818181818182,20,PRW,PRW,,NO,,,,NO
20,ML,Marlborough,M13PNND,2.75,M13,PNN,FULL JOB VSP,YES,2CN,1.11,2205.66318926975,4.03636363636364,9,PRW,PRW,,NO,,,,NO
20,ML,Marlborough,M13PNNE,2.75,M13,PNN,FULL JOB VSP,YES,2CN,0.99,1967.2131147541,3.6,8,PRW,PRW,,NO,,,,NO
20,ML,Marlborough,M13PNNF,2.75,M13,PNN,FULL JOB VSP,YES,2CN,0.99,1967.2131147541,3.6,8,PRW,PRW,,NO,,,,NO
20,ML,Marlborough,M13PNNG,2.75,M13,PNN,FULL JOB VSP,YES,2CN,0.87,1728.76304023845,3.16363636363636,7,PRW,PRW,,NO,,,,NO
20,ML,Marlborough,M13PNNH,2.75,M13,PNN,SPUR,YES,SPR,0.97,2939.39393939394,3.52727272727273,8,PRW,PRW,,YES,,,,NO
20,ML,Marlborough,M13PNNI,2.75,M13,PNN,FULL JOB VSP,YES,2CN,2.57,5106.80576254347,9.34545454545455,21,PRW,PRW,,NO,,YES,1488;1498,NO
20,ML,Marlborough,M13PNNJ,2.75,M13,PNN,FULL JOB VSP,YES,2CN,1.71,3397.91356184799,6.21818181818182,13,PRW,PRW,,NO,,YES,,NO
20,ML,Marlborough,M13PNNM,2.75,M13,PNN,SPUR,YES,SPR,3.47,6895.18132141083,12.6181818181818,57,PRW,PRW,,YES,,,,NO
20,ML,Marlborough,M13RRIA,2.75,M13,RRI,FULL JOB VSP,YES,2CN,13.1,26030.7998012916,47.6363636363636,105,PRW,PRW,,NO,,,1210,NO
20,ML,Marlborough,M13RRIB,2.75,M13,RRI,SPUR,YES,SPR,9.1,18383.8383838384,33.0909090909091,76,PRW,PRW,,YES,,,,NO
20,ML,Marlborough,M13SBLA,2.75,M13,SBL,FULL JOB VSP,YES,4CN,1.39,2762.04669647293,5.05454545454546,77,PRW,PRW,,NO,,YES,15;30;45;60,NO
20,ML,Marlborough,M13SBLB,2.75,M13,SBL,FULL JOB VSP,YES,4CN,4.66,9259.81122702434,16.9454545454545,82,PRW,PRW,,NO,,,,NO
20,ML,Marlborough,M13SBLC,2.75,M13,SBL,FULL JOB VSP,YES,4CN,6.23,12379.5330352707,22.6545454545455,43,PRW,PRW,,NO,,,,NO
20,ML,Marlborough,M13SBLD2,2.75,M13,SBL,FULL JOB VSP,YES,2CN,1.92,3815.20119225037,6.98181818181818,15,PRW,PRW,,NO,,YES,,NO
20,ML,Marlborough,M13SBLD4,2.75,M13,SBL,FULL JOB VSP,YES,4CN,5.39,10710.3825136612,19.6,42,PRW,PRW,,NO,,YES,,NO
20,ML,Marlborough,M13SBLE,2.75,M13,SBL,FULL JOB VSP,YES,4CN,6.79,13492.3000496771,24.6909090909091,146,PRW,PRW,,NO,,,,NO
20,ML,Marlborough,M13SBLF,2.75,M13,SBL,FULL JOB VSP,YES,4CN,7.89,15678.0923994039,28.6909090909091,140,PRW,PRW,,NO,,,,NO
20,ML,Marlborough,M13SBLG,2.75,M13,SBL,FULL JOB VSP,YES,4CN,2.1,4172.87630402385,7.63636363636364,43,PRW,PRW,,NO,,YES,,NO
20,ML,Marlborough,M13SBLH,2.75,M13,SBL,FULL JOB VSP,YES,4CN,2.93,5822.15598609041,10.6545454545455,77,PRW,PRW,,NO,,YES,1000;1025;1050;1070,NO
20,ML,Marlborough,M13SBLI,2.75,M13,SBL,FULL JOB VSP,YES,4CN,3.45,6855.43964232489,12.5454545454545,75,PRW,PRW,,NO,,YES,1093;1103;1123;1143,NO
20,ML,Marlborough,M13SBLJ,2.75,M13,SBL,FULL JOB VSP,YES,4CN,1.25,2483.85494287134,4.54545454545455,10,PRW,PRW,,NO,,,1502;1512,NO
20,ML,Marlborough,M13SBLK4,2.75,M13,SBL,FULL JOB VSP,YES,4CN,7.4,14704.4212617983,26.9090909090909,57,PRW,PRW,,NO,,,,NO
20,ML,Marlborough,M13SBLL,2.75,M13,SBL,FULL JOB VSP,YES,4CN,14.34,28494.78390462,52.1454545454546,19,PRW,PRW,,NO,,,,NO
20,ML,Marlborough,M13SBLM,2.75,M13,SBL,FULL JOB VSP,YES,4CN,9.53,19252.5252525253,34.6545454545455,77,PRW,PRW,,NO,,,1733;1756,NO
20,ML,Marlborough,M13SBLN,2.75,M13,SBL,FULL JOB VSP,YES,4CN,4.41,8018.18181818182,16.0363636363636,37,PRW,PRW,,NO,,,1694;1710,NO
20,ML,Marlborough,M13SBLO,2.75,M13,SBL,FULL JOB VSP,YES,4CN,2.65,4818.18181818182,9.63636363636364,76,PRW,PRW,,NO,,,,NO
20,ML,Marlborough,M13SBLP,2.75,M13,SBL,FULL JOB VSP,YES,4CN,2.16,4292.10134128167,7.85454545454546,17,PRW,PRW,,NO,,,,NO
20,ML,Marlborough,M13SBLQ2,2.75,M13,SBL,FULL JOB VSP,YES,2CN,4.54,9171.71717171717,16.5090909090909,48,PRW,PRW,,NO,,YES,2040;2055;2065,NO
20,ML,Marlborough,M13SBLQ4,2.75,M13,SBL,FULL JOB VSP,YES,4CN,4.05,8181.81818181818,14.7272727272727,44,PRW,PRW,,NO,,YES,2088;2098;2108,NO
20,ML,Marlborough,M13SBLR,2.75,M13,SBL,FULL JOB VSP,YES,3CN,4.2,8484.84848484848,15.2727272727273,48,PRW,PRW,,YES,,YES,2140,NO
20,ML,Marlborough,M13SBLS,2.75,M13,SBL,FULL JOB VSP,YES,2CN,3.33,6727.27272727273,12.1090909090909,45,PRW,PRW,,YES,,YES,2188,NO
20,ML,Marlborough,M13SBLT,2.75,M13,SBL,FULL JOB VSP,YES,2CN,2.55,5151.51515151515,9.27272727272727,54,PRW,PRW,,YES,,,,NO
20,ML,Marlborough,M13SBLU,2.75,M13,SBL,FULL JOB VSP,YES,2CN,4.75,9438.64878291108,17.2727272727273,36,PRW,PRW,,YES,,,,NO
20,ML,Marlborough,M13SBLV,2.75,M13,SBL,FULL JOB VSP,YES,2CN,5.5,11111.1111111111,20,45,PRW,PRW,,YES,,YES,1517;1527;1538;1549,NO
20,ML,Marlborough,M13SBLW,2.75,M13,SBL,FULL JOB VSP,YES,2CN,2.09,4222.22222222222,7.6,16,PRW,PRW,,YES,,,1660,NO
20,ML,Marlborough,M13SBLX,2.75,M13,SBL,FULL JOB VSP,YES,2CN,1.64,3258.81768504719,5.96363636363637,13,PRW,PRW,,YES,,,,NO
20,ML,Marlborough,M14SBLA,2.4,M14,SBL,KLIMA,YES,3CN,3.58,8287.03703703704,14.9166666666667,74,VPW,VPW,,NO,,,21;43;65,NO
20,ML,Marlborough,M14SBLB,2.4,M14,SBL,KLIMA,YES,3CN,2.05,4745.37037037037,8.54166666666667,41,VPW,VPW,,NO,,,,NO
20,ML,Marlborough,M14SBLC,2.4,M14,SBL,KLIMA,YES,4CN,4.94,11435.1851851852,20.5833333333333,88,VPW,VPW,,NO,,YES,150;180,NO
20,ML,Marlborough,M14SBLD,2.4,M14,SBL,KLIMA,YES,3CN,10.17,23541.6666666667,42.375,167,VPW,VPW,,NO,,YES,220;260;300;350,NO
20,ML,Marlborough,M14SBLE,2.4,M14,SBL,KLIMA,YES,3CN,8.16,18888.8888888889,34,111,VPW,VPW,,NO,,YES,398;472;749,NO
20,ML,Marlborough,M14SBLF,2.4,M14,SBL,KLIMA,YES,3CN,2.78,6435.18518518519,11.5833333333333,49,VPW,VPW,,NO,,,,NO
20,ML,Marlborough,M14SBLG,2.4,M14,SBL,KLIMA,YES,3CN,1.17,2708.33333333333,4.875,12,VPW,VPW,,NO,,YES,,NO
20,ML,Marlborough,M14SBLH,2.4,M14,SBL,KLIMA,YES,3CN,2.72,6296.2962962963,11.3333333333333,28,VPW,VPW,,NO,,YES,,NO
20,ML,Marlborough,M14SBLI,2.4,M14,SBL,KLIMA,YES,3CN,5.55,12847.2222222222,23.125,119,VPW,VPW,,NO,,,575;591,NO
20,ML,Marlborough,M14SBLJ,2.4,M14,SBL,KLIMA,YES,3CN,4.85,11226.8518518519,20.2083333333333,88,VPW,VPW,,NO,,,700;720,NO
20,ML,Marlborough,M14SBLK,2.4,M14,SBL,KLIMA,YES,4CN,1.77,4097.22222222222,7.375,32,VPW,VPW,,NO,,,,NO
20,ML,Marlborough,M14SBLL,2.4,M14,SBL,KLIMA,YES,3CN,8.36,19351.8518518519,34.8333333333333,123,VPW,VPW,,NO,,,,NO
20,ML,Marlborough,M14SBLM,2.4,M14,SBL,KLIMA,YES,3CN,8.43,19513.8888888889,35.125,145,VPW,VPW,,NO,,YES,973;1014;1045;1073,NO
20,ML,Marlborough,M14SBLN,2.4,M14,SBL,KLIMA,YES,3CN,3.23,7476.85185185185,13.4583333333333,38,VPW,VPW,,NO,,,,NO
20,ML,Marlborough,M14SBLO,2.4,M14,SBL,KLIMA,YES,3CN,9.78,22638.8888888889,40.75,125,VPW,VPW,,NO,,,,NO
20,ML,Marlborough,M14SBLP,2.4,M14,SBL,KLIMA,YES,3CN,2.17,5023.14814814815,9.04166666666667,50,VPW,VPW,,NO,,YES,1243;1267;1282,NO
20,ML,Marlborough,M14SBLQ,2.4,M14,SBL,KLIMA,YES,3CN,2.42,5601.85185185185,10.0833333333333,39,VPW,VPW,,NO,,YES,1294;1311;1321,NO
20,ML,Marlborough,M14SBLR,2.4,M14,SBL,KLIMA,YES,3CN,4.41,10208.3333333333,18.375,93,VPW,VPW,,NO,,,,NO
20,ML,Marlborough,M14SBLS,2.4,M14,SBL,KLIMA,YES,3CN,4.38,10138.8888888889,18.25,97,VPW,VPW,,NO,,YES,1432;1460;1500,NO
20,ML,Marlborough,M15PNNA,2.4,M15,PNN,FULL JOB VSP,YES,2CN,0.47,1359.9537037037,1.95833333333333,25,PRW,PRW,,NO,,,,NO
20,ML,Marlborough,M15PNNB,2.4,M15,PNN,FULL JOB VSP,YES,2CN,1.77,5121.52777777778,7.375,33,PRW,PRW,,NO,,,,NO
20,ML,Marlborough,M15PNNC,2.4,M15,PNN,FULL JOB VSP,YES,2CN,4,11574.0740740741,16.6666666666667,207,PRW,PRW,,NO,,,,NO
20,ML,Marlborough,M16MERA,2.4,M16,MER,FULL JOB VSP,YES,2CN,8.42,24363.4259259259,35.0833333333333,89,PRW,PRW,,NO,,,52;62,NO
20,ML,Marlborough,M16PNB1,2.4,M16,PNN,KLIMA,YES,4CN,5.68,13148.1481481481,23.6666666666667,48,PRW,PRW,,NO,,YES,2370;2385,YES
20,ML,Marlborough,M16PNB2,2.4,M16,PNN,SYLVOS,NO,SYL,6.29,14560.1851851852,26.2083333333333,47,VPW,VPW,,YES,,YES,2416;2436,NO
20,ML,Marlborough,M16PNC3,2.4,M16,PNN,KLIMA,YES,4CN,2.26,5231.48148148148,9.41666666666667,18,PRW,PRW,,NO,,,,YES
20,ML,Marlborough,M16PNNA,2.4,M16,PNN,KLIMA,YES,4CN,10.92,25277.7777777778,45.5,107,PRW,PRW,,NO,,,,YES
20,ML,Marlborough,M16PNND,2.4,M16,PNN,KLIMA,YES,3CN,7.57,17523.1481481482,31.5416666666667,66,PRW,PRW,,NO,,YES,2549;2578,YES
20,ML,Marlborough,M16PNNE,2.4,M16,PNN,KLIMA,YES,3CN,7.77,17986.1111111111,32.375,83,PRW,PRW,,NO,,,,YES
20,ML,Marlborough,M16PNNF,2.4,M16,PNN,SPUR,YES,SPR,1.39,2413.19444444445,5.79166666666667,17,PRW,PRW,,YES,,,,YES
20,ML,Marlborough,M16PNNG,2.4,M16,PNN,SPUR,YES,SPR,2.61,4531.25,10.875,35,PRW,PRW,,YES,,,,YES
20,ML,Marlborough,M16PNNH,2.4,M16,PNN,KLIMA,YES,3CN,1.48,3425.92592592593,6.16666666666667,24,PRW,PRW,,NO,,,,YES
20,ML,Marlborough,M16SBLA,2.4,M16,SBL,KLIMA,NO,3CN,6.99,20225.6944444444,29.125,38,PRW,PRW,,NO,,,116;126,NO
20,ML,Marlborough,M16SBLB,2.4,M16,SBL,FULL JOB VSP,YES,3CN,26.89,77806.712962963,112.041666666667,242,HORTUS,HORTUS,,NO,,,168;178,NO
20,ML,Marlborough,M16SBLC,2.4,M16,SBL,KLIMA,NO,3CN,1.33,3848.37962962963,5.54166666666667,12,PRW,PRW,,NO,,,402;408,NO
20,ML,Marlborough,M16SBLD,2.4,M16,SBL,KLIMA,NO,3CN,1.22,3530.09259259259,5.08333333333333,11,PRW,PRW,,NO,,,412;418,NO
20,ML,Marlborough,M16SBLE,2.4,M16,SBL,KLIMA,NO,3CN,9.38,27141.2037037037,39.0833333333333,93,PRW,PRW,,NO,,YES,428;448,NO
20,ML,Marlborough,M16SBLF,2.4,M16,SBL,KLIMA,NO,3CN,12.06,34895.8333333333,50.25,264,PRW,PRW,,NO,,YES,522;552,NO
20,ML,Marlborough,M16SBLG,2.4,M16,SBL,KLIMA,NO,4CN,5.17,11967.5925925926,21.5416666666667,128,PRW,PRW,,NO,,YES,866;896,NO
20,ML,Marlborough,M16SBLH,2.4,M16,SBL,KLIMA,NO,4CN,3.77,8726.85185185185,15.7083333333333,62,PRW,PRW,,NO,,YES,916;932,NO
20,ML,Marlborough,M16SBLI,2.4,M16,SBL,KLIMA,NO,3CN,7.29,21093.75,30.375,94,PRW,PRW,,NO,,YES,932;979;1009,NO
20,ML,Marlborough,M16SBLJ,2.4,M16,SBL,KLIMA,NO,3CN,5.64,16319.4444444444,23.5,80,PRW,PRW,,NO,,,1072;1092,NO
20,ML,Marlborough,M16SBLJ$,2.4,M16,SBL,,,3CN,2,5787.03703703704,8.33333333333333,80,,,,,,,,YES
20,ML,Marlborough,M16SBLK,2.4,M16,SBL,KLIMA,NO,3CN,12.79,29606.4814814815,53.2916666666667,114,PRW,PRW,,NO,,,1178;1221,NO
20,ML,Marlborough,M16SBLL,2.4,M16,SBL,KLIMA,NO,3CN,10.07,23310.1851851852,41.9583333333333,88,PRW,PRW,,NO,,,1283;1332,NO
20,ML,Marlborough,M16SBLM,2.4,M16,SBL,KLIMA,NO,3CN,23.25,67274.3055555556,96.875,206,PRW,PRW,,NO,,YES,1375;1440,NO
20,ML,Marlborough,M16SBLN,2.4,M16,SBL,KLIMA,NO,4CN,7.66,22164.3518518519,31.9166666666667,95,PRW,PRW,,NO,,YES,1598;1639,NO
20,ML,Marlborough,M16SBLO,2.4,M16,SBL,KLIMA,NO,3CN,5.56,16087.962962963,23.1666666666667,67,PRW,PRW,,NO,,YES,1665;1689,NO
20,ML,Marlborough,M16SBLP,2.4,M16,SBL,KLIMA,NO,4CN,4.38,12673.6111111111,18.25,145,PRW,PRW,,NO,,YES,1745;1793,NO
20,ML,Marlborough,M16SBLQ,2.4,M16,SBL,FULL JOB VSP,YES,4CN,1.5,3472.22222222222,6.25,16,HORTUS,HORTUS,,NO,,,,NO
20,ML,Marlborough,M16SBLR,2.4,M16,SBL,FULL JOB VSP,YES,4CN,2.52,5833.33333333333,10.5,107,HORTUS,HORTUS,,NO,,,,NO
20,ML,Marlborough,M16SBLS,2.4,M16,SBL,FULL JOB VSP,YES,4CN,5.06,11712.962962963,21.0833333333333,124,HORTUS,HORTUS,,NO,,,,NO
20,ML,Marlborough,M16SBLT,2.4,M16,SBL,KLIMA,NO,4CN,4.22,9768.51851851852,17.5833333333333,31,PRW,PRW,,YES,,,,NO
20,ML,Marlborough,M16SBLU,2.4,M16,SBL,KLIMA,NO,4CN,4.76,11018.5185185185,19.8333333333333,36,PRW,PRW,,YES,,,,NO
20,ML,Marlborough,M16SGRA,2.4,M16,SGR,KLIMA,NO,3CN,9.34,21620.3703703704,38.9166666666667,121,PRW,PRW,,YES,,YES,,NO
20,ML,Marlborough,M17SBLD,2.4,M17,SBL,KLIMA,NO,4CN,4.96,11481.4814814815,20.6666666666667,41,PRW,PRW,,NO,,,,NO
20,ML,Marlborough,M17SBLE,2.4,M17,SBL,KLIMA,NO,4CN,2.9,6712.96296296296,12.0833333333333,35,PRW,PRW,,NO,,YES,,NO
20,ML,Marlborough,M17SBLF,2.4,M17,SBL,KLIMA,NO,4CN,10.6,24537.037037037,44.1666666666667,163,HORTUS,HORTUS,,NO,,YES,,NO
20,ML,Marlborough,M17SBLG,2.4,M17,SBL,KLIMA,NO,4CN,11.14,25787.037037037,46.4166666666667,137,HORTUS,HORTUS,,NO,,YES,2260;2280,NO
20,ML,Marlborough,M17SBLH,2.4,M17,SBL,KLIMA,NO,4CN,5.63,13032.4074074074,23.4583333333333,69,HORTUS,HORTUS,,NO,,,,NO
20,ML,Marlborough,M17SBLI,2.4,M17,SBL,KLIMA,NO,3CN,5,11574.0740740741,20.8333333333333,71,HORTUS,HORTUS,ORG,NO,,YES,2370;2390,NO
20,ML,Marlborough,M17SBLJ,2.4,M17,SBL,KLIMA,NO,3CN,5.28,12222.2222222222,22,126,HORTUS,HORTUS,ORG,NO,,YES,2440;2460;2535,NO
20,ML,Marlborough,M17SBLK,2.4,M17,SBL,KLIMA,NO,3CN,5.66,13101.8518518519,23.5833333333333,97,HORTUS,HORTUS,ORG,NO,,,2575;2613;2634;2650,NO
20,ML,Marlborough,M17SBLL,2.4,M17,SBL,KLIMA,NO,3CN,5.59,12939.8148148148,23.2916666666667,109,HORTUS,HORTUS,ORG,NO,,YES,2665;2730;2750,NO
20,ML,Marlborough,M17SBLM,2.4,M17,SBL,KLIMA,NO,4CN,1.47,3402.77777777778,6.125,26,HORTUS,HORTUS,,NO,,,2775;2785,NO
20,ML,Marlborough,M17SBLN,2.4,M17,SBL,KLIMA,NO,4CN,3.16,7314.81481481482,13.1666666666667,66,HORTUS,HORTUS,,NO,,,,NO
20,ML,Marlborough,M17SBLO,2.4,M17,SBL,KLIMA,NO,4CN,4.71,10902.7777777778,19.625,96,HORTUS,HORTUS,,NO,,,,NO
20,ML,Marlborough,M18PNNS,2.4,M18,PNN,FULL JOB VSP,YES,2CN,2.08,4814.81481481482,8.66666666666667,22,HORTUS,HORTUS,,NO,,YES,3908;3918,YES
20,ML,Marlborough,M18PNNT,2.4,M18,PNN,FULL JOB VSP,YES,2CN,2.58,5972.22222222222,10.75,27,HORTUS,HORTUS,,NO,,YES,,YES
20,ML,Marlborough,M18PNNU,2.4,M18,PNN,FULL JOB VSP,YES,2CN,2.39,5532.40740740741,9.95833333333333,24,HORTUS,HORTUS,,NO,,YES,4190;4200,YES
20,ML,Marlborough,M18PNNV,2.4,M18,PNN,FULL JOB VSP,YES,2CN,3,6944.44444444444,12.5,57,HORTUS,HORTUS,,NO,,YES,3963;3950,YES
20,ML,Marlborough,M18SBAA,2.4,M18,SBL,FULL JOB VSP,YES,3CN,10.73,24837.962962963,44.7083333333333,145,HORTUS,HORTUS,,NO,,,,YES
20,ML,Marlborough,M18SBLP,2.4,M18,SBL,FULL JOB VSP,YES,4CN,20.39,47199.0740740741,84.9583333333333,279,HORTUS,HORTUS,,NO,,,,NO
20,ML,Marlborough,M18SBLQ,2.75,M18,SBL,FULL JOB VSP,YES,3CN,5.62,11353.5353535354,20.4363636363636,66,PRW,PRW,,NO,,,3272;3292,NO
20,ML,Marlborough,M18SBLS,2.4,M18,SBL,FULL JOB VSP,YES,4CN,2.58,5972.22222222222,10.75,64,HORTUS,HORTUS,,NO,,,,NO
20,ML,Marlborough,M18SBLT,2.4,M18,SBL,FULL JOB VSP,YES,4CN,1.99,4606.48148148148,8.29166666666667,58,HORTUS,HORTUS,,NO,,,3400;3420,NO
20,ML,Marlborough,M18SBLU,2.4,M18,SBL,FULL JOB VSP,YES,4CN,8.05,18634.2592592593,33.5416666666667,161,HORTUS,HORTUS,,NO,,YES,3450;3470,NO
20,ML,Marlborough,M18SBLW,2.4,M18,SBL,FULL JOB VSP,YES,4CN,4.93,11412.037037037,20.5416666666667,146,HORTUS,HORTUS,,NO,,,3593;3613,NO
20,ML,Marlborough,M18SBLX,2.4,M18,SBL,FULL JOB VSP,YES,3CN,6.55,15162.037037037,27.2916666666667,77,HORTUS,HORTUS,,NO,,YES,3770;3801,NO
20,ML,Marlborough,M18SBLY,2.4,M18,SBL,FULL JOB VSP,YES,3CN,7.82,18101.8518518519,32.5833333333333,83,HORTUS,HORTUS,,NO,,,3850;3870,NO
20,ML,Marlborough,M18SBLZ,2.4,M18,SBL,FULL JOB VSP,YES,3CN,5.59,12939.8148148148,23.2916666666667,53,HORTUS,HORTUS,,NO,,,4010;4000,NO
20,ML,Marlborough,M19PGRA2,2.4,M19,PGR,FULL JOB VSP,YES,2CN,8.08,18703.7037037037,33.6666666666667,130,GWX,GWX,,NO,,YES,180;245,YES
20,ML,Marlborough,M19PGRA3,2.4,M19,PGR,KLIMA,YES,3CN,5.6,12962.962962963,23.3333333333333,108,GWX,GWX,,NO,,YES,70;124,YES
20,ML,Marlborough,M19PGRB,2.4,M19,PGR,FULL JOB VSP,NO,3CN,7.64,17685.1851851852,31.8333333333333,108,HORTUS,HORTUS,,NO,,,,NO
20,ML,Marlborough,M19SBLA,2.4,M19,SBL,KLIMA,NO,4CN,2.55,5902.77777777778,10.625,63,GWX,GWX,,NO,,,,YES
20,ML,Marlborough,M19SBLB,2.4,M19,SBL,FULL JOB VSP,YES,3CN,6.16,14259.2592592593,25.6666666666667,135,LACON,LACON,,NO,,,,NO
20,ML,Marlborough,M19SBLC,2.4,M19,SBL,FULL JOB VSP,YES,3CN,7.68,17777.7777777778,32,150,HORTUS,HORTUS,,NO,,,,NO
20,ML,Marlborough,M19SBLD,2.4,M19,SBL,KLIMA,NO,3CN,4.16,9629.62962962963,17.3333333333333,116,GWX,GWX,,NO,,,,NO
20,ML,Marlborough,M19SBLE,2.4,M19,SBL,FULL JOB VSP,YES,3CN,5.7,13194.4444444444,23.75,127,LACON,LACON,,NO,,YES,706;738;770;801,NO
20,ML,Marlborough,M19SBLF,2.4,M19,SBL,FULL JOB VSP,YES,3CN,5.54,12824.0740740741,23.0833333333333,127,HORTUS,HORTUS,,NO,,,,NO
20,ML,Marlborough,M19SBLG,2.4,M19,SBL,KLIMA,NO,3CN,9.05,20949.0740740741,37.7083333333333,181,GWX,GWX,,NO,,YES,1101;1146;1192;1237,YES
20,ML,Marlborough,M19SBLH,2.4,M19,SBL,KLIMA,NO,3CN,5.14,11898.1481481481,21.4166666666667,172,GWX,GWX,,NO,,YES,1282;1325;1368;1411,YES
20,ML,Marlborough,M19SBLI,2.4,M19,SBL,KLIMA,NO,3CN,12.44,28796.2962962963,51.8333333333333,195,GWX,GWX,,NO,,YES,1454;1503;1552;1600,YES
20,ML,Marlborough,M19SBLJ,2.4,M19,SBL,KLIMA,NO,4CN,12.3,28472.2222222222,51.25,190,GWX,GWX,,NO,,,,YES
20,ML,Marlborough,M19SBLK,2.4,M19,SBL,KLIMA,NO,3CN,12.98,30046.2962962963,54.0833333333333,205,GWX,GWX,,NO,,YES,1839;1890;1942;1993,YES
20,ML,Marlborough,M19SBLL,2.4,M19,SBL,KLIMA,NO,4CN,12.57,29097.2222222222,52.375,192,GWX,GWX,,NO,,,,YES
20,ML,Marlborough,M20PNNW,3,M20,PNN,FULL JOB VSP,NO,4CN,2.45,4083.33333333333,8.16666666666667,19,HORTUS,HORTUS,,NO,,YES,4300;4310,YES
20,ML,Marlborough,M20PNNX,2.5,M20,PNN,FULL JOB VSP,YES,2CN,2.42,5377.77777777778,9.68,115,HORTUS,HORTUS,,NO,,YES,4700;4730;4750;4780,YES
20,ML,Marlborough,M20SBAB,3,M20,SBL,FULL JOB VSP,YES,4CN,9.43,15716.6666666667,31.4333333333333,62,HORTUS,HORTUS,,NO,,,,NO
20,ML,Marlborough,M20SBAC,3,M20,SBL,FULL JOB VSP,YES,4CN,5.56,9266.66666666667,18.5333333333333,42,HORTUS,HORTUS,,NO,,,,NO
20,ML,Marlborough,M20SBAD,2.5,M20,SBL,FULL JOB VSP,YES,4CN,6.46,14355.5555555556,25.84,124,HORTUS,HORTUS,,NO,,YES,4410;4445,NO
20,ML,Marlborough,M20SBAE,2.5,M20,SBL,FULL JOB VSP,YES,4CN,3.05,6777.77777777778,12.2,42,HORTUS,HORTUS,,NO,,YES,4490;4510,NO
20,ML,Marlborough,M20SBAF,2.5,M20,SBL,FULL JOB VSP,YES,3CN,4.32,9600,17.28,56,VPW,VPW,,NO,,,,NO
20,ML,Marlborough,M20SBAG,2.5,M20,SBL,FULL JOB VSP,YES,3CN,5.3,11777.7777777778,21.2,14,VPW,VPW,,NO,,,,NO
20,ML,Marlborough,M21PNNA,2.4,M21,PNN,FULL JOB VSP,YES,2CN,3.04,8796.2962962963,12.6666666666667,115,PRW,PRW,,YES,,,,YES
20,ML,Marlborough,M21PNNB,2.4,M21,PNN,FULL JOB VSP,YES,2CN,4.56,13194.4444444444,19,89,GWX,GWX,,YES,,,,YES
20,ML,Marlborough,M21PNNC,2.4,M21,PNN,FULL JOB VSP,YES,2CN,4.39,12702.5462962963,18.2916666666667,69,GWX,GWX,,YES,,YES,230;247;265;282,YES
20,ML,Marlborough,M21PNND,2.4,M21,PNN,FULL JOB VSP,YES,2CN,1.7,4918.98148148148,7.08333333333333,49,GWX,GWX,,YES,,YES,,YES
20,ML,Marlborough,M21PNNE,2.4,M21,PNN,SPUR,YES,SPR,2.95,8535.87962962963,12.2916666666667,60,PRW,PRW,,YES,YES,YES,,YES
20,ML,Marlborough,M21PNNF,2.4,M21,PNN,SPUR,YES,SPR,2.89,8362.26851851852,12.0416666666667,52,GWX,GWX,,YES,YES,,,YES
20,ML,Marlborough,M21PNNG,2.4,M21,PNN,FULL JOB VSP,YES,2CN,4.34,12557.8703703704,18.0833333333333,65,PRW,PRW,,YES,YES,,,YES
20,ML,Marlborough,M21PNNH,2.4,M21,PNN,FULL JOB VSP,YES,2CN,4.57,13223.3796296296,19.0416666666667,97,PRW,PRW,,YES,YES,YES,750;774;799;817,YES
20,ML,Marlborough,M21PNNI,2.4,M21,PNN,FULL JOB VSP,YES,2CN,4.13,11950.2314814815,17.2083333333333,92,PRW,PRW,,YES,YES,,,YES
20,ML,Marlborough,M21PNNJ,2.4,M21,PNN,SPUR,YES,SPR,4.15,12008.1018518519,17.2916666666667,48,GWX,GWX,,YES,,,,YES
20,ML,Marlborough,M21PNNK,2.4,M21,PNN,FULL JOB VSP,YES,2CN,4.32,12500,18,84,PRW,PRW,,YES,YES,YES,985;1006;1028;1049,YES
20,ML,Marlborough,M21SBLA,2.4,M21,SBL,FULL JOB VSP,YES,3CN,0.43,995.37037037037,1.79166666666667,21,PRW,PRW,,YES,,,,YES
20,ML,Marlborough,M21SBLB,2.4,M21,SBL,KLIMA,NO,3CN,2.74,6342.59259259259,11.4166666666667,64,PRW,PRW,,YES,,,459;475;491;507,YES
20,ML,Marlborough,M21SBLC,2.4,M21,SBL,FULL JOB VSP,YES,3CN,2.99,6921.2962962963,12.4583333333333,118,HORTUS,HORTUS,,YES,,,,YES
20,ML,Marlborough,M21SBLD,2.4,M21,SBL,KLIMA,NO,3CN,5.7,13194.4444444444,23.75,161,GWX,GWX,,YES,,,,NO
20,ML,Marlborough,M21SBLE,2.4,M21,SBL,FULL JOB VSP,YES,3CN,10.68,24722.2222222222,44.5,123,LACON,LACON,,YES,,,,NO
20,ML,Marlborough,M21SBLF,2.4,M21,SBL,KLIMA,NO,3CN,3.06,7083.33333333333,12.75,43,GWX,GWX,,YES,,YES,1355;1366;1377;1387,NO
20,ML,Marlborough,M21SBLG,2.4,M21,SBL,FULL JOB VSP,YES,3CN,3.72,8611.11111111111,15.5,85,PRW,PRW,,YES,,,,NO
20,ML,Marlborough,M21SGRA,2.4,M21,SGR,FULL JOB VSP,YES,3CN,0.73,1689.81481481481,3.04166666666667,43,PRW,PRW,,YES,,,,YES
20,ML,Marlborough,MV1PGRA,3.06,MV1,PGR,FULL JOB VSP,YES,2CN,7.2,12857.6020572163,23.5294117647059,84,PRW,PRW,ORG,NO,,YES,52:78:92:115,NO
20,ML,Marlborough,MV1PGRB,2.4,MV1,PGR,FULL JOB VSP,NO,1CN,2.46,5694.44444444444,10.25,84,LACON,LACON,,YES,,,,YES
20,ML,Marlborough,MV1PGRC,2.4,MV1,PGR,FULL JOB VSP,NO,1CN,2.46,5694.44444444444,10.25,84,LACON,LACON,,YES,,,,YES
20,ML,Marlborough,MV1PMNA,3.06,MV1,PMN,FULL JOB VSP,YES,4CN,2.84,5071.60970034644,9.28104575163399,19,PRW,PRW,,NO,,,791;796;801,YES
20,ML,Marlborough,MV1PNH1,3.06,MV1,PNN,FULL JOB VSP,YES,2CN,4.7,8393.15689846066,15.359477124183,57,PRW,PRW,ORG,NO,,,510;530;560;580,NO
20,ML,Marlborough,MV1PNH3,3.06,MV1,PNN,FULL JOB VSP,YES,2CN,4.66,8321.72577592057,15.2287581699346,51,PRW,PRW,ORG,NO,,,510;530;560;580,NO
20,ML,Marlborough,MV1PNNA,3.06,MV1,PNN,FULL JOB VSP,YES,2CN,5.49,9803.92156862745,17.9411764705882,39,PRW,PRW,,NO,,YES,887;899;910;920,YES
20,ML,Marlborough,MV1PNNB,3.06,MV1,PNN,FULL JOB VSP,YES,2CN,10.75,19197.1141826494,35.1307189542484,119,PRW,PRW,,NO,,,664;696;728;760,YES
20,ML,Marlborough,MV1PNNC,3.06,MV1,PNN,KLIMA,YES,4CN,1.27,2267.93814064788,4.15032679738562,16,PRW,PRW,,NO,,YES,1108,YES
20,ML,Marlborough,MV1PNND,3.06,MV1,PNN,KLIMA,YES,4CN,4.4,7857.42347940998,14.3790849673203,50,PRW,PRW,,NO,,YES,1125;1145;1155,YES
20,ML,Marlborough,MV1PNNG,3.06,MV1,PNN,FULL JOB VSP,YES,2CN,5.66,10107.5038394228,18.4967320261438,104,PRW,PRW,,NO,,,319;349;379;409,YES
20,ML,Marlborough,MV1PNNI,3.06,MV1,PNN,FULL JOB VSP,YES,2CN,1.37,2446.51594699811,4.47712418300654,16,PRW,PRW,,NO,,,23;29,YES
20,ML,Marlborough,MV1PNNJ,3.06,MV1,PNN,FULL JOB VSP,YES,2CN,6.72,12000.4285867352,21.9607843137255,48,PRW,PRW,ORG,NO,,,841;853;865;877,NO
20,ML,Marlborough,MV1PNNK,3.06,MV1,PNN,FULL JOB VSP,YES,2CN,4.51,8053.85906639523,14.7385620915033,31,PRW,PRW,,NO,,YES,811;819;829,YES
20,ML,Marlborough,MV1PNNL,3.06,MV1,PNN,FULL JOB VSP,YES,2CN,1.73,3089.39604985892,5.65359477124183,19,PRW,PRW,,NO,,YES,772;777;781,YES
20,ML,Marlborough,MV1PNNM,3.06,MV1,PNN,FULL JOB VSP,YES,2CN,4.13,7375.26340226437,13.4967320261438,46,PRW,PRW,,NO,,YES,612;624;636,YES
20,ML,Marlborough,MV1PNNN,3.06,MV1,PNN,GDC,NO,GDC,3.88,6928.8188863888,12.6797385620915,54,PRW,PRW,,NO,,,452;464;476;488,NO
20,ML,Marlborough,MV1PNNN1,3.06,MV1,PNN,FULL JOB VSP,YES,2CN,0.73,1303.61798635666,2.38562091503268,8,PRW,PRW,,NO,,,,NO
20,ML,Marlborough,MV1PNNO,3.06,MV1,PNN,FULL JOB VSP,YES,2CN,7.68,13943.3551198257,25.0980392156863,125,PRW,PRW,,NO,,,1321;1352;1380;1498,YES
20,ML,Marlborough,MV1SBLA,3.06,MV1,SBL,KLIMA,NO,3CN,10.28,18357.7984928033,33.5947712418301,120,PRW,PRW,ORG,NO,,,144;170;196;220,NO
20,ML,Marlborough,MV1SBLB,3.06,MV1,SBL,KLIMA,NO,4CN,2.08,3714.41837208472,6.79738562091503,32,PRW,PRW,,NO,,,1265;1273;1280,YES
20,ML,Marlborough,MV1SBLC,3.06,MV1,SBL,KLIMA,NO,3CN,1.36,2428.65816636308,4.44444444444445,18,PRW,PRW,,NO,,,5;11;15,YES
20,ML,Marlborough,MV1SBLD,3.06,MV1,SBL,KLIMA,NO,4CN,8.36,14929.104610879,27.3202614379085,89,PRW,PRW,,NO,,,985;1005;1025;1042,YES
20,ML,Marlborough,MV1SBLE,3.06,MV1,SBL,KLIMA,NO,3CN,5.65,10089.6460587878,18.4640522875817,46,PRW,PRW,,NO,,,930;942;954;964,YES
20,ML,Marlborough,MV1SBLF,3.06,MV1,SBL,KLIMA,NO,4CN,1.04,1857.20918604236,3.39869281045752,19,PRW,PRW,,NO,,,1592;1597;1602,YES
20,ML,Marlborough,MV1SBLG,3.06,MV1,SBL,KLIMA,NO,3CN,1.42,2535.80485017322,4.64052287581699,19,PRW,PRW,,NO,,,,YES
20,ML,Marlborough,MV1SBLH,3.06,MV1,SBL,KLIMA,NO,4CN,8.21,14661.2379013536,26.8300653594771,89,PRW,PRW,,NO,,,,YES
20,ML,Marlborough,MV1SBLI,3.06,MV1,SBL,KLIMA,NO,4CN,5.31,9482.48151719704,17.3529411764706,65,PRW,PRW,,NO,,YES,294;280;264;250,YES
20,ML,Marlborough,MV1SGRA,3.06,MV1,SGR,FULL JOB VSP,YES,2CN,3.39,6053.78763527269,11.078431372549,42,PRW,PRW,,NO,,,1069;1080;1092,YES
20,ML,Marlborough,MV2CHDA,3.06,MV2,CHD,KLIMA,YES,4CN,6.21,11089.6817743491,20.2941176470588,77,PRW,PRW,,NO,,,,YES
20,ML,Marlborough,MV2CHDB,3.06,MV2,CHD,SYLVOS,NO,SYL,9.2,16429.1581842209,30.0653594771242,73,VPW,VPW,,NO,,,,YES
20,ML,Marlborough,MV2CHDC,3.06,MV2,CHD,FULL JOB VSP,YES,2CN,4.13,7375.26340226437,13.4967320261438,29,PRW,PRW,,NO,,,,YES
20,ML,Marlborough,MV2CHDD,3.06,MV2,CHD,SYLVOS,NO,SYL,4.65,8303.86799528555,15.1960784313725,32,VPW,VPW,,NO,,,,YES
20,ML,Marlborough,MV2PNNA,3,MV2,PNN,FULL JOB VSP,YES,2CN,2.24,5258.21596244132,7.46666666666667,35,PRW,PRW,,NO,,YES,1645;1658;1670,YES
20,ML,Marlborough,MV2PNNB,3.06,MV2,PNN,FULL JOB VSP,YES,2CN,0.85,1956.18153364632,2.77777777777778,16,PRW,PRW,,NO,,,,YES
20,ML,Marlborough,MV2PNNC,3.06,MV2,PNN,FULL JOB VSP,YES,2CN,4.97,11279.0486564996,16.2418300653595,42,PRW,PRW,,YES,,,,YES
20,ML,Marlborough,MV2PNND1,2,MV2,PNN,FULL JOB VSP,YES,2CN,0.75,3125,3.75,22,PRW,PRW,,YES,,,,YES
20,ML,Marlborough,MV2PNND2,2,MV2,PNN,FULL JOB VSP,YES,2CN,0.71,2958.33333333333,3.55,21,PRW,PRW,,YES,,,,YES
20,ML,Marlborough,MV2PNND3,2,MV2,PNN,FULL JOB VSP,YES,2CN,0.73,3041.66666666667,3.65,28,PRW,PRW,,YES,,,,YES
20,ML,Marlborough,MV2PNNE,2.4,MV2,PNN,FULL JOB VSP,YES,2CN,3.49,10098.3796296296,14.5416666666667,156,PRW,PRW,,YES,,,2455;2490;2520;2550,YES
20,ML,Marlborough,MV2PNNF,2.4,MV2,PNN,FULL JOB VSP,YES,2CN,3.14,9085.64814814815,13.0833333333333,0,PRW,PRW,,YES,,,,YES
20,ML,Marlborough,MV2SBLA,3.06,MV2,SBL,KLIMA,NO,4CN,10.15,18125.647344548,33.1699346405229,115,PRW,PRW,,NO,,,,YES
20,ML,Marlborough,MV2SBLB,3.06,MV2,SBL,KLIMA,NO,4CN,11.05,19732.8476017001,36.1111111111111,154,PRW,PRW,,NO,,,810;840;870;900,YES
20,ML,Marlborough,MV2SBLE,3.06,MV2,SBL,KLIMA,NO,4CN,0.74,1321.47576699168,2.41830065359477,15,PRW,PRW,,NO,,,445;449;453,YES
20,ML,Marlborough,MV2SBLF,3.06,MV2,SBL,KLIMA,NO,4CN,11.02,19679.274259795,36.0130718954248,81,VPW,VPW,,NO,,YES,995;1015;1035;1060,YES
20,ML,Marlborough,MV2SBLG,3.06,MV2,SBL,KLIMA,NO,4CN,8.76,15643.4158362799,28.6274509803922,99,PRW,PRW,,NO,,,,YES
20,ML,Marlborough,MV2SBLH,3.06,MV2,SBL,KLIMA,NO,2CN,5.49,9803.92156862745,17.9411764705882,80,PRW,PRW,,NO,,,,YES
20,ML,Marlborough,MV2SBLI2,3.06,MV2,SBL,FULL JOB VSP,YES,4CN,5.02,8964.60587878139,16.4052287581699,39,PRW,PRW,,NO,,YES,80;95;110,YES
20,ML,Marlborough,MV2SBLI4,3.06,MV2,SBL,KLIMA,NO,4CN,5.05,9018.17922068645,16.5032679738562,38,PRW,PRW,,NO,,YES,125;145,YES
20,ML,Marlborough,MV2SBLJ,3.06,MV2,SBL,KLIMA,NO,4CN,5.75,10268.223865138,18.7908496732026,43,PRW,PRW,,NO,,YES,160;177;195,YES
20,ML,Marlborough,MV2SBLK,3.06,MV2,SBL,KLIMA,NO,3CN,11.6,20715.0255366263,37.9084967320261,94,PRW,PRW,,NO,,,,YES
20,ML,Marlborough,MV2SBLL,3.06,MV2,SBL,FULL JOB VSP,YES,2CN,3.56,6357.36990606807,11.6339869281046,26,PRW,PRW,,NO,,,,YES
20,ML,Marlborough,MV2SBLM1,2,MV2,SBL,FULL JOB VSP,YES,2CN,1.26,4375,6.3,29,PRW,PRW,,YES,,,1745,YES
20,ML,Marlborough,MV2SBLM2,2,MV2,SBL,FULL JOB VSP,YES,2CN,1.31,4548.61111111111,6.55,29,PRW,PRW,,YES,,,1797,YES
20,ML,Marlborough,MV2SBLM3,2,MV2,SBL,FULL JOB VSP,YES,2CN,1.33,4618.05555555556,6.65,30,PRW,PRW,,YES,,,1826,YES
20,ML,Marlborough,MV2SBLM4,2,MV2,SBL,FULL JOB VSP,YES,2CN,1.39,4826.38888888889,6.95,73,PRW,PRW,,YES,,,1855,YES
20,ML,Marlborough,MV2SBLN,2.4,MV2,SBL,KLIMA,NO,3CN,8.56,19814.8148148148,35.6666666666667,186,PRW,PRW,,YES,,YES,1890;1934;1980;2020,YES
20,ML,Marlborough,MV2SGRA,3.06,MV2,SGR,KLIMA,NO,3CN,9.17,16375.5848423158,29.9673202614379,65,PRW,PRW,,NO,,,525;540;555;570,YES
20,ML,Marlborough,MV2SGRB,2.4,MV2,SGR,KLIMA,NO,3CN,9.45,21875,39.375,200,PRW,PRW,,YES,,YES,2100;2140;2180;2220,YES
20,ML,Marlborough,MV2SGRC,2.4,MV2,SGR,FULL JOB VSP,YES,2CN,8.58,19535.5191256831,35.75,186,PRW,PRW,,YES,,YES,22956;2315;2345;2385,YES
20,ML,Marlborough,MV2SROA,2.4,MV2,SRO,FULL JOB VSP,YES,2CN,0.35,796.903460837887,1.45833333333333,0,PRW,PRW,,YES,,,,YES
20,ML,Marlborough,MV3CHDA,3.06,MV3,CHD,KLIMA,YES,3CN,2.74,4893.03189399621,8.95424836601307,26,VPW,VPW,,NO,,,20;30,YES
20,ML,Marlborough,MV3CHDB,3.06,MV3,CHD,SYLVOS,NO,SYL,3.85,6875.24554448373,12.5816993464052,78,VPW,VPW,,YES,,YES,45;52;58;64,YES
20,ML,Marlborough,MV3CHDC,3.06,MV3,CHD,KLIMA,YES,4CN,10.04,17929.2117575628,32.8104575163399,78,VPW,VPW,,NO,,,,YES
20,ML,Marlborough,MV3CHDD,3.06,MV3,CHD,KLIMA,YES,4CN,3.85,6875.24554448373,12.5816993464052,30,PRW,PRW,,NO,,,,YES
20,ML,Marlborough,MV3CHDE,3.06,MV3,CHD,KLIMA,YES,3CN,1.63,2910.8182435087,5.32679738562092,61,PRW,PRW,,NO,,YES,419;438;454,YES
20,ML,Marlborough,MV3CHDF,3.06,MV3,CHD,KLIMA,YES,3CN,3.57,6375.2276867031,11.6666666666667,35,PRW,PRW,ORG,NO,,,462;471;482;492,NO
20,ML,Marlborough,MV3CHDG,3.06,MV3,CHD,KLIMA,YES,3CN,3.91,6982.39222829387,12.7777777777778,33,PRW,PRW,ORG,NO,,,505;516;524,NO
20,ML,Marlborough,MV3PNNB,3.06,MV3,PNN,KLIMA,YES,3CN,4.01,7160.97003464409,13.1045751633987,38,VPW,VPW,,NO,,,539;548;558,YES
20,ML,Marlborough,MV3PNNC,3.06,MV3,PNN,KLIMA,YES,3CN,4.48,8000.28572449016,14.640522875817,35,VPW,VPW,,NO,,,,YES
20,ML,Marlborough,MV3PNND,2.4,MV3,PNN,FULL JOB VSP,YES,2CN,5.18,14988.4259259259,21.5833333333333,51,PRW,PRW,,YES,,,17;32,YES
20,ML,Marlborough,MV3PTGA,3.06,MV3,PTG,SYLVOS,NO,SYL,5.79,10339.6549876781,18.921568627451,40,VPW,VPW,,NO,,,648;661,YES
20,ML,Marlborough,MV3SBLB,3.06,MV3,SBL,KLIMA,NO,4CN,8.64,15429.1224686596,28.2352941176471,68,PRW,PRW,,NO,,,589;612,YES
20,ML,Marlborough,MV3SBLC,3.06,MV3,SBL,KLIMA,NO,3CN,7.7,13979.6659404503,25.1633986928105,63,PRW,PRW,,NO,,,695;716,YES
20,ML,Marlborough,MV3SGRA,3.06,MV3,SGR,KLIMA,NO,3CN,4.51,8053.85906639523,14.7385620915033,35,PRW,PRW,ORG,NO,,YES,195;206;214,NO
20,ML,Marlborough,MV3SGRB,3.06,MV3,SGR,FULL JOB VSP,YES,3CN,2.95,5268.04528733169,9.64052287581699,58,PRW,PRW,,YES,,YES,880;890;910,YES
20,ML,Marlborough,MV3SGRC,2.4,MV3,SGR,KLIMA,NO,3CN,10.47,23838.7978142076,43.625,139,PRW,PRW,,YES,,YES,23;47;65;92,YES
20,ML,Marlborough,MV4CHDB,3.06,MV4,CHD,KLIMA,YES,3CN,3.84,6857.38776384871,12.5490196078431,97,VPW,VPW,,NO,,,551;575;599;624,YES
20,ML,Marlborough,MV4CHDC,3.06,MV4,CHD,KLIMA,YES,4CN,13.23,23625.843780135,43.2352941176471,182,VPW,VPW,,NO,,,,YES
20,ML,Marlborough,MV4CHDE,3.06,MV4,CHD,SYLVOS,NO,SYL,7.32,13071.8954248366,23.921568627451,90,VPW,VPW,,NO,,YES,283;310;338;352,YES
20,ML,Marlborough,MV4CHDF,3.06,MV4,CHD,SYLVOS,NO,SYL,7.32,13071.8954248366,23.921568627451,90,VPW,VPW,,NO,,YES,192;210;234;254,YES
20,ML,Marlborough,MV4CHDH,3.06,MV4,CHD,KLIMA,YES,2CN,7.36,13143.3265473767,24.0522875816994,90,PRW,PRW,ORG,NO,,YES,100;119;150;164,NO
20,ML,Marlborough,MV4CHDI,2.4,MV4,CHD,FULL JOB VSP,YES,2CN,4.74,10972.2222222222,19.75,109,PRW,PRW,,YES,,,660;688;709;724,YES
20,ML,Marlborough,MV4SGRA,3.06,MV4,SGR,KLIMA,NO,3CN,7.32,13071.8954248366,23.921568627451,90,PRW,PRW,,NO,,,10;29;60;80,YES
20,ML,Marlborough,MV4ZWEA,2.4,MV4,ZWE,FULL JOB VSP,YES,2CN,0.4,1157.40740740741,1.66666666666667,12,PRW,PRW,,YES,,,,YES
20,ML,Marlborough,MV5PNNC,3.06,MV5,PNN,FULL JOB VSP,YES,2CN,5.56,9928.92603307261,18.1699346405229,224,PRW,PRW,ORG,NO,,YES,37;48;60,NO
20,ML,Marlborough,MV5PNND,3.06,MV5,PNN,FULL JOB VSP,YES,2CN,3.67,6553.80549305332,11.9934640522876,276,PRW,PRW,ORG,NO,,YES,7;15;21,NO
20,ML,Marlborough,MV5SBLA,3.06,MV5,SBL,FULL JOB VSP,YES,2CN,10.6,18929.247473124,34.640522875817,73,PRW,PRW,ORG,NO,,YES,76;96;116;128,NO
20,ML,Marlborough,MV6CHDD,3.06,MV6,CHD,KLIMA,YES,4CN,6.22,11107.5395549841,20.3267973856209,55,VPW,VPW,,NO,,YES,384;394;404;414,YES
20,ML,Marlborough,MV6CHDF,3.06,MV6,CHD,FULL JOB VSP,YES,2CN,3.56,6357.36990606807,11.6339869281046,27,PRW,PRW,,YES,,YES,590;600;610,YES
20,ML,Marlborough,MV6CHDG,3.06,MV6,CHD,KLIMA,YES,4CN,7.32,13071.8954248366,23.921568627451,66,VPW,VPW,,NO,,,620;635;650;665,YES
20,ML,Marlborough,MV6PGRA,2.4,MV6,PGR,FULL JOB VSP,YES,2CN,9.09,21041.6666666667,37.875,163,PRW,PRW,,NO,,,,YES
20,ML,Marlborough,MV6PNNB,3.06,MV6,PNN,KLIMA,YES,4CN,2.03,3625.1294689096,6.63398692810458,18,PRW,PRW,,NO,,,240;247;254,YES
20,ML,Marlborough,MV6PNNC,3.06,MV6,PNN,FULL JOB VSP,YES,2CN,3.73,6660.95217686346,12.1895424836601,33,PRW,PRW,,NO,,YES,445;455;465,YES
20,ML,Marlborough,MV6SBLC,3.06,MV6,SBL,FULL JOB VSP,YES,2CN,6.2,11071.8239937141,20.2614379084967,79,PRW,PRW,,NO,,YES,495;512;530,YES
20,ML,Marlborough,MV6SBLE,3.06,MV6,SBL,KLIMA,NO,4CN,2.8,5000.17857780635,9.15032679738562,43,VPW,VPW,,NO,,,,YES
20,ML,Marlborough,MV6SBLF,2.4,MV6,SBL,FULL JOB VSP,YES,2CN,7.86,18194.4444444444,32.75,105,PRW,PRW,,YES,,YES,905;928;950;975,YES
20,ML,Marlborough,MV6SBLG,2.4,MV6,SBL,FULL JOB VSP,YES,2CN,10.63,24606.4814814815,44.2916666666667,176,LACON,LACON,,YES,,,,YES
20,ML,Marlborough,MV6SBLH,2.4,MV6,SBL,FULL JOB VSP,NO,1CN,4.4,10185.1851851852,18.3333333333333,176,LACON,LACON,,YES,,,,YES
20,ML,Marlborough,MV6SBLI,2.4,MV6,SBL,FULL JOB VSP,NO,1CN,4.46,10324.0740740741,18.5833333333333,176,LACON,LACON,,YES,,,,YES
20,ML,Marlborough,MV6SGRA,3.06,MV6,SGR,KLIMA,NO,3CN,2.04,3642.98724954463,6.66666666666667,18,PRW,PRW,,NO,,,,YES
20,ML,Marlborough,MV6SGRB,3.06,MV6,SGR,KLIMA,NO,3CN,4.5,8036.00128576021,14.7058823529412,39,PRW,PRW,,NO,,YES,554;570;587,YES
20,ML,Marlborough,MV6SGRC,2.4,MV6,SGR,KLIMA,NO,3CN,4.87,11273.1481481481,20.2916666666667,55,PRW,PRW,,YES,,,850;865;880;895,YES
20,ML,Marlborough,MV7CHDA,2.4,MV7,CHD,KLIMA,YES,3CN,3.16,7314.81481481482,13.1666666666667,30,PRW,PRW,,NO,,,,YES
20,ML,Marlborough,MV7CHDB,2.4,MV7,CHD,KLIMA,YES,3CN,3.13,7245.37037037037,13.0416666666667,31,PRW,PRW,,NO,,YES,414;431,YES
20,ML,Marlborough,MV7CHDC,2.4,MV7,CHD,KLIMA,YES,3CN,2.58,5972.22222222222,10.75,24,PRW,PRW,,NO,,,,YES
20,ML,Marlborough,MV7CHDD,2.4,MV7,CHD,KLIMA,YES,4CN,2.53,5856.48148148148,10.5416666666667,23,PRW,PRW,,NO,,,,YES
20,ML,Marlborough,MV7PGRA,2.4,MV7,PGR,FULL JOB VSP,YES,2CN,5.85,13541.6666666667,24.375,54,PRW,PRW,,NO,,YES,225;245,YES
20,ML,Marlborough,MV7PGRB,2.4,MV7,PGR,FULL JOB VSP,YES,2CN,0.07,162.037037037037,0.291666666666667,2,PRW,PRW,,NO,,,,YES
20,ML,Marlborough,MV7PNNA,2.4,MV7,PNN,FULL JOB VSP,YES,2CN,3.85,8912.03703703704,16.0416666666667,35,PRW,PRW,,NO,,,507;595,YES
20,ML,Marlborough,MV7PNNB,2.4,MV7,PNN,FULL JOB VSP,YES,2CN,3.86,8935.18518518518,16.0833333333333,35,PRW,PRW,,NO,,,632;642,YES
20,ML,Marlborough,MV7PNNC,2.4,MV7,PNN,SPUR,YES,SPR,5.83,13495.3703703704,24.2916666666667,53,PRW,PRW,,YES,,,,YES
20,ML,Marlborough,MV7PNND,2.4,MV7,PNN,FULL JOB VSP,YES,2CN,5.73,13263.8888888889,23.875,52,PRW,PRW,,YES,,,,YES
20,ML,Marlborough,MV7SBLA,2.4,MV7,SBL,FULL JOB VSP,YES,4CN,0.77,1782.40740740741,3.20833333333333,31,PRW,PRW,,NO,,YES,10,YES
20,ML,Marlborough,MV7SBLB,2.4,MV7,SBL,KLIMA,NO,4CN,3.15,7291.66666666667,13.125,57,PRW,PRW,,NO,,YES,50;65,YES
20,ML,Marlborough,MV7SBLC,2.4,MV7,SBL,FULL JOB VSP,YES,4CN,5.36,12407.4074074074,22.3333333333333,64,PRW,PRW,,NO,,YES,105;125,YES
20,ML,Marlborough,MV7SBLD,2.4,MV7,SBL,KLIMA,NO,4CN,5.95,13773.1481481481,24.7916666666667,54,PRW,PRW,,NO,,YES,,YES
20,ML,Marlborough,MV7SBLE,2.4,MV7,SBL,KLIMA,NO,4CN,5.95,13773.1481481481,24.7916666666667,54,PRW,PRW,,NO,,,,YES
20,ML,Marlborough,MV7SBLF,2.4,MV7,SBL,KLIMA,NO,4CN,5.95,13773.1481481481,24.7916666666667,54,PRW,PRW,,NO,,,,YES
20,ML,Marlborough,MV7SBLG,2.4,MV7,SBL,KLIMA,NO,4CN,3.08,7129.62962962963,12.8333333333333,28,PRW,PRW,,NO,,,,YES
20,ML,Marlborough,MV7SBLH,2.4,MV7,SBL,KLIMA,NO,4CN,2.64,6111.11111111111,11,24,PRW,PRW,,NO,,,,YES
20,ML,Marlborough,MV7SBLI,2.4,MV7,SBL,FULL JOB VSP,YES,4CN,5.73,13263.8888888889,23.875,30,PRW,PRW,,NO,,,,YES
20,ML,Marlborough,MV7SBLJ,2.4,MV7,SBL,KLIMA,YES,2CN,5.9,13657.4074074074,24.5833333333333,54,PRW,PRW,,NO,,,,YES
20,ML,Marlborough,MV8PGRA,2.4,MV8,PGR,FULL JOB VSP,YES,2CN,1.97,4560.18518518519,8.20833333333333,45,HORTUS,HORTUS,,YES,,YES,1197;1217,YES
20,ML,Marlborough,MV8PGRB,2.4,MV8,PGR,FULL JOB VSP,YES,2CN,1.57,3634.25925925926,6.54166666666667,30,HORTUS,HORTUS,,YES,,YES,1241;1251,YES
20,ML,Marlborough,MV8PNNL,2.4,MV8,PNN,KLIMA,YES,4CN,5.65,13078.7037037037,23.5416666666667,85,PRW,PRW,,NO,,,,YES
20,ML,Marlborough,MV8PNNM,2.4,MV8,PNN,KLIMA,YES,4CN,5.73,13263.8888888889,23.875,75,PRW,PRW,,NO,,,1512;1530,YES
20,ML,Marlborough,MV8PNNN,2.4,MV8,PNN,KLIMA,YES,4CN,5.8,13425.9259259259,24.1666666666667,74,PRW,PRW,,NO,,YES,1637;1657,YES
20,ML,Marlborough,MV8PNNO,2.4,MV8,PNN,KLIMA,YES,4CN,5.89,13634.2592592593,24.5416666666667,67,PRW,PRW,,NO,,YES,1646;1696,YES
20,ML,Marlborough,MV8PNNQ,2.4,MV8,PNN,FULL JOB VSP,YES,4CN,1.47,3402.77777777778,6.125,21,PRW,PRW,,NO,,YES,1840;1850,YES
20,ML,Marlborough,MV8SBLAH,2.4,MV8,SBL,KLIMA,NO,3CN,6.14,14212.962962963,25.5833333333333,179,PRW,PRW,,YES,,,1012;1026,YES
20,ML,Marlborough,MV8SBLAI,2.4,MV8,SBL,KLIMA,NO,3CN,3.43,7939.81481481482,14.2916666666667,106,PRW,PRW,,YES,,,1106;1126,YES
20,ML,Marlborough,MV8SBLAJ,2.4,MV8,SBL,KLIMA,NO,3CN,3.95,9143.51851851852,16.4583333333333,63,PRW,PRW,,YES,,,,YES
20,ML,Marlborough,MV8SBLAK,2.4,MV8,SBL,KLIMA,NO,3CN,5.8,13425.9259259259,24.1666666666667,78,PRW,PRW,,YES,,,,YES
20,ML,Marlborough,MV8SBLAP,2.4,MV8,SBL,FULL JOB VSP,YES,4CN,11.8,27314.8148148148,49.1666666666667,134,PRW,PRW,,NO,,YES,1715;1741,YES
20,ML,Marlborough,MV8SBLR,2.4,MV8,SBL,FULL JOB VSP,YES,3CN,3.7,8564.81481481482,15.4166666666667,50,PRW,PRW,,NO,,YES,,YES
20,ML,Marlborough,MV8VIGA,2.4,MV8,VIG,FULL JOB VSP,YES,4CN,0.06,138.888888888889,0.25,1,PRW,PRW,,NO,,,,YES
20,ML,Marlborough,MV9PNNA,2.4,MV9,PNN,FULL JOB VSP,YES,2CN,2.54,8819.44444444445,10.5833333333333,20,PRW,PRW,,YES,,YES,330;340,NO
20,ML,Marlborough,MV9PNNB,2.4,MV9,PNN,FULL JOB VSP,YES,2CN,2.44,8472.22222222222,10.1666666666667,23,PRW,PRW,,YES,,YES,350;365,NO
20,ML,Marlborough,MV9PNNC,2.4,MV9,PNN,FULL JOB VSP,YES,2CN,2.11,7326.38888888889,8.79166666666667,31,PRW,PRW,,YES,,YES,375;390,NO
20,ML,Marlborough,MV9PNND,2,MV9,PNN,FULL JOB VSP,YES,2CN,3.09,12875,15.45,53,PRW,PRW,,YES,,,,YES
20,ML,Marlborough,MV9PNNE,2,MV9,PNN,FULL JOB VSP,YES,2CN,3.15,13125,15.75,62,PRW,PRW,,YES,,,,YES
20,ML,Marlborough,MV9PNNF,2.4,MV9,PNN,FULL JOB VSP,YES,2CN,2.44,8472.22222222222,10.1666666666667,36,PRW,PRW,,YES,,YES,,NO
20,ML,Marlborough,MV9PNNG,2.4,MV9,PNN,FULL JOB VSP,YES,2CN,1.83,6354.16666666667,7.625,39,PRW,PRW,,YES,,YES,,NO
20,ML,Marlborough,MV9SBLA,2.4,MV9,SBL,KLIMA,NO,4CN,5.58,12916.6666666667,23.25,132,PRW,PRW,,NO,,,50;75;100;125,YES
20,ML,Marlborough,MV9SBLB,2.4,MV9,SBL,KLIMA,NO,4CN,2.15,4976.85185185185,8.95833333333333,39,PRW,PRW,,NO,,,,YES
20,ML,Marlborough,MV9SBLC,2.4,MV9,SBL,KLIMA,NO,4CN,1.04,2407.40740740741,4.33333333333333,47,PRW,PRW,,NO,,,,YES
20,ML,Marlborough,MV9SBLD,2.4,MV9,SBL,KLIMA,NO,4CN,2.89,6689.81481481482,12.0416666666667,70,PRW,PRW,,NO,,YES,250;270,YES
20,ML,Marlborough,MV9SBLE,2.4,MV9,SBL,KLIMA,NO,4CN,1.45,3356.48148148148,6.04166666666667,39,PRW,PRW,,NO,,YES,295;315,YES
20,ML,Marlborough,MV9SBLF,2.4,MV9,SBL,KLIMA,NO,4CN,1.9,4398.14814814815,7.91666666666667,53,PRW,PRW,,NO,,YES,418;428;448,YES
20,ML,Marlborough,MV9SBLG,2.4,MV9,SBL,KLIMA,NO,4CN,4.18,9675.92592592593,17.4166666666667,58,PRW,PRW,,NO,,YES,465;485;505,YES
20,ML,Marlborough,MV9SBLH,2.4,MV9,SBL,KLIMA,NO,4CN,3.94,9120.37037037037,16.4166666666667,67,PRW,PRW,,NO,,YES,520;540;560,YES
20,ML,Marlborough,MV9SBLI,2.4,MV9,SBL,KLIMA,NO,4CN,4.39,10162.037037037,18.2916666666667,89,PRW,PRW,,NO,,,,YES
20,ML,Marlborough,MV9SBLJ,2.4,MV9,SBL,KLIMA,NO,4CN,4.71,10902.7777777778,19.625,89,PRW,PRW,,NO,,,,YES
20,ML,Marlborough,MV9SBLK,2.4,MV9,SBL,KLIMA,NO,4CN,5.51,12754.6296296296,22.9583333333333,88,PRW,PRW,,NO,,,,YES
20,ML,Marlborough,MV9SBLL,2.4,MV9,SBL,KLIMA,NO,4CN,6.12,14166.6666666667,25.5,106,PRW,PRW,,NO,,YES,850;875;900;925,YES
20,ML,Marlborough,MV9SBLM,2.4,MV9,SBL,KLIMA,NO,4CN,1.43,3310.18518518519,5.95833333333333,55,PRW,PRW,,NO,YES,,,YES
20,ML,Marlborough,WH2SBL,2.4,WH2,SBL,FULL JOB VSP,YES,VSP,16.87,39050.9259259259,70.2916666666667,173,VPW,VPW,,YES,,YES,,YES
20,ML,Waipara,WP1PNCC,2,WP1,PNN,FULL JOB VSP,YES,2CN,11.62,40347.2222222222,58.1,142,PRW,PRW,,NO,,,405;550,YES
20,ML,Waipara,WP1PNFC,2,WP1,PNN,FULL JOB VSP,YES,2CN,3.87,13437.5,19.35,78,HORTUS,HORTUS,,NO,,,,YES
20,ML,Waipara,WP1PNNA,2,WP1,PNN,FULL JOB VSP,YES,2CN,0.76,2638.88888888889,3.8,40,HORTUS,HORTUS,,NO,,,15;19;23;26,YES
20,ML,Waipara,WP1PNNB,2,WP1,PNN,FULL JOB VSP,YES,2CN,4.63,16076.3888888889,23.15,56,HORTUS,HORTUS,,NO,,,,YES
20,ML,Waipara,WP1PNND,2,WP1,PNN,FULL JOB VSP,YES,2CN,4.01,13923.6111111111,20.05,94,HORTUS,HORTUS,,NO,,,,YES
20,ML,Waipara,WP1PNNE,2,WP1,PNN,FULL JOB VSP,YES,2CN,1.96,6805.55555555556,9.8,34,HORTUS,HORTUS,,NO,,YES,670;679;687;696,YES
20,ML,Waipara,WP1PNNG,2,WP1,PNN,FULL JOB VSP,YES,2CN,1.66,5763.88888888889,8.3,111,HORTUS,HORTUS,,YES,,,,YES
20,ML,Waipara,WP1PNNH,2,WP1,PNN,FULL JOB VSP,YES,2CN,4.71,16354.1666666667,23.55,153,HORTUS,HORTUS,,YES,,YES,,YES
20,ML,Waipara,WP1PNNI,2,WP1,PNN,FULL JOB VSP,YES,2CN,4.63,16076.3888888889,23.15,43,HORTUS,HORTUS,,YES,,,,YES
20,ML,Waipara,WP1PNNJ,2,WP1,PNN,FULL JOB VSP,YES,2CN,4.53,15729.1666666667,22.65,40,HORTUS,HORTUS,,YES,,YES,,YES
20,ML,Waipara,WP1PNNK,2,WP1,PNN,FULL JOB VSP,YES,2CN,4.62,16041.6666666667,23.1,45,HORTUS,HORTUS,,YES,,,,YES
20,ML,Waipara,WP1PNNL,2,WP1,PNN,FULL JOB VSP,YES,2CN,4.56,15833.3333333333,22.8,103,HORTUS,HORTUS,,YES,,,235;261;287;312,YES
20,ML,Waipara,WP1PNNM,2,WP1,PNN,FULL JOB VSP,YES,2CN,0.36,1250,1.8,16,HORTUS,HORTUS,,YES,,,,YES
20,ML,Waipara,WP2PGRA,2.4,WP2,PGR,FULL JOB VSP,YES,2CN,1.6,4629.62962962963,6.66666666666667,18,PRW,PRW,,NO,,,,YES
20,ML,Waipara,WP2PGRB,2.4,WP2,PGR,FULL JOB VSP,YES,2CN,4.3,12442.1296296296,17.9166666666667,45,PRW,PRW,,NO,,,900;911;923;934,YES
20,ML,Waipara,WP2PGRC,2.4,WP2,PGR,FULL JOB VSP,YES,2CN,4.4,12731.4814814815,18.3333333333333,45,PRW,PRW,,NO,,,945;956;968;979,YES
20,ML,Waipara,WP2PGRD,2.4,WP2,PGR,FULL JOB VSP,YES,2CN,2.9,8391.2037037037,12.0833333333333,47,PRW,PRW,,NO,,,,YES
20,ML,Waipara,WP2PGRE,2.4,WP2,PGR,FULL JOB VSP,YES,2CN,1.58,4571.75925925926,6.58333333333333,17,PRW,PRW,,NO,,YES,,YES
20,ML,Waipara,WP2PGRF,2.4,WP2,PGR,FULL JOB VSP,YES,2CN,1.32,3055.55555555556,5.5,14,PRW,PRW,,NO,,YES,,YES
20,ML,Waipara,WP2PGRG,2.4,WP2,PGR,FULL JOB VSP,YES,2CN,6.51,15069.4444444444,27.125,76,PRW,PRW,,NO,,YES,,YES
20,ML,Waipara,WP2PGRH2,2.4,WP2,PGR,FULL JOB VSP,YES,2CN,4.85,14033.5648148148,20.2083333333333,51,PRW,PRW,,NO,,,,YES
20,ML,Waipara,WP2PGRH3,2.4,WP2,PGR,FULL JOB VSP,YES,2CN,4.26,12326.3888888889,17.75,60,PRW,PRW,,NO,,,,YES
20,ML,Waipara,WP2PNNA,2.4,WP2,PNN,FULL JOB VSP,YES,3CN,3.2,9259.25925925926,13.3333333333333,50,HORTUS,HORTUS,,NO,,,175;188;200;213,YES
20,ML,Waipara,WP2PNNB,2.4,WP2,PNN,FULL JOB VSP,YES,3CN,3.52,10185.1851851852,14.6666666666667,55,HORTUS,HORTUS,,NO,,,,YES
20,ML,Waipara,WP2PNNC,2.4,WP2,PNN,FULL JOB VSP,YES,3CN,6.4,18518.5185185185,26.6666666666667,107,HORTUS,HORTUS,,NO,,,,YES
20,ML,Waipara,WP2PNND,2.4,WP2,PNN,FULL JOB VSP,YES,3CN,1.9,5497.68518518519,7.91666666666667,34,HORTUS,HORTUS,,NO,,,,YES
20,ML,Waipara,WP2PNNE,2.4,WP2,PNN,FULL JOB VSP,YES,2CN,2.9,8391.2037037037,12.0833333333333,79,PRW,PRW,,NO,,,1200;1220;1240;1259,YES
20,ML,Waipara,WP2PNNF,2.4,WP2,PNN,FULL JOB VSP,YES,2CN,4.1,11863.4259259259,17.0833333333333,112,PRW,PRW,,NO,,,1280;1307;1334;1361,YES
20,ML,Waipara,WP2PNNG,2.4,WP2,PNN,FULL JOB VSP,YES,2CN,2.1,6076.38888888889,8.75,57,PRW,PRW,,NO,,,1385;1400;1416;1431,YES
20,ML,Waipara,WP2PNNHC,2.4,WP2,PNN,FULL JOB VSP,YES,2CN,7.16,20717.5925925926,29.8333333333333,66,PRW,PRW,,NO,,YES,1572;1605;1638;1673,YES
20,ML,Waipara,WP2PNNHS,2.4,WP2,PNN,FULL JOB VSP,YES,SPR,7.55,21846.0648148148,31.4583333333333,71,HORTUS,HORTUS,,YES,,YES,1572;1605;1638;1673,YES
20,ML,Waipara,WP2PNNI,2.4,WP2,PNN,FULL JOB VSP,YES,2CN,3.66,10590.2777777778,15.25,116,PRW,PRW,,NO,,,,YES
20,ML,Waipara,WP2PNNJ,2.4,WP2,PNN,FULL JOB VSP,YES,3CN,4.64,13425.9259259259,19.3333333333333,154,PRW,PRW,,NO,,,,YES
20,ML,Waipara,WP2PNNK,2.4,WP2,PNN,FULL JOB VSP,YES,2CN,1.7,4918.98148148148,7.08333333333333,39,PRW,PRW,,NO,,,,YES
20,ML,Waipara,WP2PNNL,2.4,WP2,PNN,FULL JOB VSP,YES,2CN,3.7,10706.0185185185,15.4166666666667,73,PRW,PRW,,NO,,,,YES
20,ML,Waipara,WP2RRAC,2.4,WP2,RRI,FULL JOB VSP,YES,2CN,6.23,18026.6203703704,25.9583333333333,86,PRW,PRW,,NO,,,,YES
20,ML,Waipara,WP2RRAS,2.4,WP2,RRI,SPUR,YES,SPR,5.95,17216.4351851852,24.7916666666667,81,PRW,PRW,,YES,,,,YES
20,ML,Waipara,WP2RRIB,2.4,WP2,RRI,FULL JOB VSP,YES,2CN,13.18,38136.5740740741,54.9166666666667,214,PRW,PRW,,NO,,YES,420;474;527;581,YES
20,ML,Waipara,WP2RRIC,2.4,WP2,RRI,FULL JOB VSP,YES,3CN,13.25,38339.1203703704,55.2083333333333,249,HORTUS,HORTUS,,NO,,YES,665;727;790;852,YES
20,ML,Waipara,WP2RRID,2.4,WP2,RRI,FULL JOB VSP,YES,2CN,4.37,10115.7407407407,18.2083333333333,44,PRW,PRW,,NO,,,,YES
20,ML,Waipara,WP2RRIE,2.4,WP2,RRI,FULL JOB VSP,YES,2CN,4.47,10347.2222222222,18.625,45,PRW,PRW,,NO,,,,YES
20,ML,Waipara,WP2RRIF,2.4,WP2,RRI,FULL JOB VSP,YES,2CN,7.65,17708.3333333333,31.875,77,PRW,PRW,,NO,,,,YES
20,ML,Waipara,WP2SBLA,2.4,WP2,SBL,FULL JOB VSP,YES,3CN,3.6,10416.6666666667,15,54,PRW,PRW,,NO,,YES,1150;1164;1177;1191,YES